2024	01	01	JP	TH	5	0	F		1	1906	1383	0	0	13	109
2024	01	01	HK	CN	2	1	F	AE	18	1086	1434	+4	‚ąí4	175	96
2024	01	02	LY	ID	4	0	F	TR	15	1372	1270	+4	‚ąí2	112	148
2024	01	04	TJ	HK	2	1	F	AE	3	1379	1083	+1	0	110	175
2024	01	04	SA	LB	1	0	F	QA	3	1589	1309	+1	‚ąí2	62	136
2024	01	05	TG	DZ	0	3	F		-7	1387	1730	‚ąí2	+1	107	38
2024	01	05	QA	JO	1	2	F		-14	1520	1517	‚ąí3	+1	73	75
2024	01	05	LY	ID	2	1	F	TR	7	1379	1263	+2	‚ąí2	110	150
2024	01	05	KG	SY	1	1	F	AE	5	1257	1421	+2	‚ąí2	152	100
2024	01	05	IR	BF	2	1	F		2	1829	1562	0	0	20	66
2024	01	06	AE	OM	0	1	F		-12	1518	1569	‚ąí3	+2	74	65
2024	01	06	TN	MR	0	0	F		-9	1729	1399	‚ąí2	+2	38	104
2024	01	06	KR	IQ	1	0	F	AE	5	1804	1616	+2	‚ąí3	22	58
2024	01	06	MZ	LS	2	0	F	ZA	10	1364	1231	0	‚ąí1	117	157
2024	01	06	ML	GW	6	2	F		6	1620	1407	+3	‚ąí2	55	103
2024	01	06	CI	SL	5	1	F		3	1645	1308	+1	‚ąí2	50	136
2024	01	06	AU	BH	2	0	F	AE	4	1787	1445	0	0	27	92
2024	01	06	AO	CD	0	0	F	AE	3	1388	1494	+1	‚ąí2	107	80
2024	01	07	UZ	PS	1	0	F	QA	4	1647	1405	+1	‚ąí2	50	103
2024	01	07	EG	TZ	2	0	F		2	1686	1347	0	‚ąí1	47	119
2024	01	08	SN	NE	1	0	F		1	1732	1237	0	0	36	156
2024	01	08	MY	SY	2	2	F	QA	3	1305	1418	+3	0	138	100
2024	01	08	GN	NG	2	0	F	AE	22	1445	1565	+7	‚ąí3	92	66
2024	01	08	GH	NA	0	0	F		-7	1541	1384	0	+3	69	109
2024	01	08	BW	MZ	1	1	F	ZA	1	1344	1363	0	0	123	117
2024	01	09	PS	SA	0	0	F	QA	5	1410	1584	+2	0	101	62
2024	01	09	KG	VN	2	1	F	QA	14	1271	1379	+4	‚ąí4	148	110
2024	01	09	JP	JO	6	1	F	QA	4	1910	1513	0	0	13	75
2024	01	09	IR	ID	5	0	F	QA	1	1830	1262	0	‚ąí1	20	151
2024	01	09	GQ	DJ	1	1	F		-10	1505	921	0	0	76	197
2024	01	09	CM	ZM	1	1	F	SA	-4	1613	1492	‚ąí2	+1	58	82
2024	01	09	DZ	BI	4	0	F	TG	3	1733	1284	+1	‚ąí1	36	145
2024	01	10	TN	CV	2	0	F		4	1733	1475	+2	‚ąí1	36	88
2024	01	10	ZA	LS	0	0	F		-8	1478	1239	‚ąí3	+1	87	156
2024	01	10	SA	HK	2	0	F	QA	2	1586	1081	0	0	62	175
2024	01	10	BF	CD	2	1	F	AE	8	1570	1486	+3	‚ąí3	64	83
2024	01	10	AO	BH	3	0	F	AE	20	1408	1425	+4	‚ąí6	102	98
2024	01	11	MA	SL	3	1	F	CI	1	1847	1307	0	0	17	136
2024	01	12	SE	EE	2	1	F	CY	3	1694	1362	0	‚ąí1	46	116
2024	01	12	LY	KW	3	1	F	EG	15	1394	1355	+3	‚ąí4	107	117
2024	01	12	QA	LB	3	0	AC		13	1533	1296	+2	‚ąí7	70	142
2024	01	13	SY	UZ	0	0	AC	QA	14	1432	1633	+4	‚ąí3	96	53
2024	01	13	CN	TJ	0	0	AC	QA	-4	1430	1383	‚ąí2	+1	98	110
2024	01	13	AU	IN	2	0	AC	QA	3	1790	1259	0	‚ąí1	27	152
2024	01	13	CI	GW	2	0	AR		9	1654	1398	+1	‚ąí1	50	105
2024	01	13	IS	GT	1	0	F	US	10	1489	1484	+4	‚ąí5	82	85
2024	01	14	AE	HK	3	1	AC	QA	6	1524	1075	+2	‚ąí3	72	178
2024	01	14	JP	VN	4	2	AC	QA	3	1913	1376	0	‚ąí1	13	113
2024	01	14	IR	PS	4	1	AC	QA	7	1837	1403	+2	‚ąí2	18	103
2024	01	14	GQ	NG	1	1	AR	CI	4	1509	1561	0	0	76	67
2024	01	14	EG	MZ	2	2	AR	CI	-18	1668	1381	‚ąí1	+3	48	112
2024	01	14	CV	GH	2	1	AR	CI	30	1505	1511	+11	‚ąí6	77	75
2024	01	15	KR	BH	3	1	AC	QA	8	1812	1417	0	‚ąí2	22	101
2024	01	15	JO	MY	4	0	AC	QA	22	1535	1283	+5	‚ąí8	69	145
2024	01	15	IQ	ID	3	1	AC	QA	9	1625	1253	+2	‚ąí3	55	154
2024	01	15	SN	GM	3	0	AR	CI	11	1743	1385	+3	‚ąí2	35	108
2024	01	15	CM	GN	1	1	AR	CI	-11	1602	1456	‚ąí2	0	60	92
2024	01	15	DZ	AO	1	1	AR	CI	-18	1715	1426	‚ąí3	+2	39	99
2024	01	16	TH	KG	2	0	AC	QA	26	1409	1245	+7	‚ąí7	103	155
2024	01	16	SA	OM	2	1	AC	QA	24	1610	1545	+3	‚ąí3	59	68
2024	01	16	NA	TN	1	0	AR	CI	44	1428	1689	+10	‚ąí9	99	46
2024	01	16	ML	ZA	2	0	AR	CI	23	1643	1455	+5	‚ąí4	51	92
2024	01	16	BF	MR	1	0	AR	CI	14	1584	1385	+1	‚ąí5	63	109
2024	01	17	QA	TJ	1	0	AC		10	1543	1373	+1	‚ąí2	69	113
2024	01	17	CN	LB	0	0	AC	QA	-9	1421	1305	‚ąí3	+4	101	137
2024	01	17	MA	TZ	3	0	AR	CI	5	1852	1342	+1	‚ąí4	16	123
2024	01	17	CD	ZM	1	1	AR	CI	0	1486	1492	0	‚ąí1	84	82
2024	01	17	IS	HN	2	0	F	US	17	1506	1514	+6	‚ąí3	77	74
2024	01	18	UZ	IN	3	0	AC	QA	9	1642	1250	+3	‚ąí3	51	153
2024	01	18	PS	AE	1	1	AC	QA	8	1411	1516	+2	‚ąí3	103	75
2024	01	18	AU	SY	1	0	AC	QA	6	1796	1426	+2	‚ąí2	25	98
2024	01	18	CI	NG	0	1	AR		-38	1616	1599	‚ąí7	+3	57	63
2024	01	18	GQ	GW	4	2	AR	CI	26	1535	1372	+6	‚ąí7	70	113
2024	01	18	EG	GH	2	2	AR	CI	-11	1657	1522	‚ąí1	+2	49	73
2024	01	19	UG	KW	2	0	F	EG	15	1380	1340	+6	‚ąí7	109	124
2024	01	19	IQ	JP	2	1	AC	QA	42	1667	1871	+7	‚ąí2	48	15
2024	01	19	IR	HK	1	0	AC	QA	1	1838	1074	0	0	18	178
2024	01	19	ID	VN	1	0	AC	QA	33	1286	1343	+9	‚ąí10	143	121
2024	01	19	SN	CM	3	1	AR	CI	23	1766	1579	+6	‚ąí3	29	64
2024	01	19	GN	GM	1	0	AR	CI	20	1476	1365	+3	‚ąí5	88	113
2024	01	19	CV	MZ	3	0	AR	CI	29	1534	1352	+6	‚ąí5	72	115
2024	01	20	JO	KR	2	2	AC	QA	17	1552	1795	+3	‚ąí3	67	25
2024	01	20	BH	MY	1	0	AC	QA	16	1433	1267	+5	‚ąí2	97	148
2024	01	20	ML	TN	1	1	AR	CI	3	1646	1686	0	0	51	46
2024	01	20	AO	MR	3	2	AR	CI	22	1448	1363	+5	‚ąí5	93	113
2024	01	20	DZ	BF	2	2	AR	CI	-9	1706	1593	‚ąí2	0	40	63
2024	01	20	US	SI	0	1	F		-14	1760	1724	‚ąí3	+1	31	38
2024	01	21	SA	KG	2	0	AC	QA	8	1618	1237	+3	‚ąí1	56	156
2024	01	21	OM	TH	0	0	AC	QA	-9	1536	1418	‚ąí1	+2	70	102
2024	01	21	TZ	ZM	1	1	AR	CI	10	1352	1482	+7	‚ąí5	115	87
2024	01	21	ZA	NA	4	0	AR	CI	43	1498	1385	+11	‚ąí8	81	107
2024	01	21	CD	MA	1	1	AR	CI	20	1506	1832	+6	‚ąí4	78	20
2024	01	22	TJ	LB	2	1	AC	QA	20	1393	1285	+3	‚ąí7	106	144
2024	01	22	QA	CN	1	0	AC		11	1554	1410	+2	‚ąí2	67	103
2024	01	22	NG	GW	1	0	AR	CI	11	1610	1361	+3	‚ąí5	59	115
2024	01	22	CI	GQ	0	4	AR		-69	1547	1604	‚ąí12	+10	70	61
2024	01	22	GH	MZ	2	2	AR	CI	-11	1511	1363	‚ąí3	+3	77	112
2024	01	22	CV	EG	2	2	AR	CI	8	1542	1649	+1	0	71	50
2024	01	23	SY	IN	1	0	AC	QA	13	1439	1237	+3	‚ąí2	96	155
2024	01	23	PS	HK	3	0	AC	QA	11	1422	1063	+1	‚ąí1	101	179
2024	01	23	IR	AE	2	1	AC	QA	7	1845	1509	0	‚ąí2	17	77
2024	01	23	AU	UZ	1	1	AC	QA	-10	1786	1652	‚ąí3	+2	27	50
2024	01	23	SN	GN	2	0	AR	CI	12	1778	1464	0	‚ąí3	28	92
2024	01	23	MR	DZ	1	0	AR	CI	44	1407	1662	+7	‚ąí8	105	48
2024	01	23	CM	GM	3	2	AR	CI	11	1590	1354	+1	‚ąí4	63	115
2024	01	23	AO	BF	2	0	AR	CI	52	1500	1541	+13	‚ąí8	80	71
2024	01	24	JP	ID	3	1	AC	QA	2	1873	1284	0	‚ąí2	15	144
2024	01	24	IQ	VN	3	2	AC	QA	7	1674	1336	+2	‚ąí4	45	126
2024	01	24	ZA	TN	0	0	AR	CI	12	1510	1674	+5	0	77	45
2024	01	24	MA	ZM	1	0	AR	CI	6	1838	1476	+2	‚ąí1	18	89
2024	01	24	ML	NA	0	0	AR	CI	-16	1630	1401	‚ąí3	+3	55	106
2024	01	24	CD	TZ	0	0	AR	CI	-10	1496	1362	‚ąí5	+3	83	113
2024	01	25	SA	TH	0	0	AC	QA	-13	1605	1431	‚ąí4	+2	60	100
2024	01	25	MY	KR	3	3	AC	QA	23	1290	1772	+7	‚ąí4	141	28
2024	01	25	KG	OM	1	1	AC	QA	17	1254	1519	+3	‚ąí1	152	73
2024	01	25	BH	JO	1	0	AC	QA	33	1466	1519	+6	‚ąí6	92	73
2024	01	27	NG	CM	2	0	AR	CI	35	1645	1555	+6	‚ąí2	52	65
2024	01	27	AO	NA	3	0	AR	CI	32	1532	1369	+9	‚ąí5	71	111
2024	01	28	TJ	AE	1	1	AC	QA	8	1401	1501	+1	‚ąí2	106	81
2024	01	28	AU	ID	4	0	AC	QA	5	1791	1279	+1	‚ąí1	25	146
2024	01	28	GN	GQ	1	0	AR	CI	35	1499	1569	+10	‚ąí2	83	63
2024	01	28	CD	EG	1	1	AR	CI	10	1506	1639	+4	‚ąí2	79	53
2024	01	29	QA	PS	2	1	AC		10	1564	1412	+1	0	65	102
2024	01	29	JO	IQ	3	2	AC	QA	35	1554	1639	+5	‚ąí7	69	52
2024	01	29	CI	SN	1	1	AR		9	1556	1769	+1	‚ąí1	67	28
2024	01	29	CV	MR	1	0	AR	CI	16	1558	1391	+3	‚ąí2	66	107
2024	01	30	UZ	TH	2	1	AC	QA	11	1663	1420	+2	‚ąí1	47	101
2024	01	30	SA	KR	1	1	AC	QA	11	1616	1761	+2	‚ąí3	58	30
2024	01	30	ZA	MA	2	0	AR	CI	65	1575	1773	+15	‚ąí8	63	26
2024	01	30	ML	BF	2	1	AR	CI	19	1649	1522	+6	‚ąí3	50	74
2024	01	31	JP	BH	3	1	AC	QA	7	1880	1459	0	‚ąí1	15	94
2024	01	31	IR	SY	1	1	AC	QA	-21	1824	1460	‚ąí3	+4	20	93
2024	02	02	KR	AU	2	1	AC	QA	27	1788	1764	+5	‚ąí6	25	30
2024	02	02	JO	TJ	1	0	AC	QA	15	1569	1386	+6	‚ąí3	64	108
2024	02	02	NG	AO	1	0	AR	CI	17	1662	1515	+3	‚ąí5	48	77
2024	02	02	CD	GN	3	1	AR	CI	37	1543	1462	+7	‚ąí9	72	92
2024	02	02	CR	SV	2	0	F		5	1581	1403	0	0	62	104
2024	02	03	QA	UZ	1	1	AC		0	1564	1663	‚ąí1	0	68	47
2024	02	03	IR	JP	2	1	AC	QA	29	1853	1851	+5	‚ąí1	15	16
2024	02	03	CI	ML	2	1	AR		24	1580	1625	+6	‚ąí5	63	56
2024	02	03	CV	ZA	0	0	AR	CI	1	1559	1574	‚ąí1	‚ąí1	69	64
2024	02	06	JO	KR	2	0	AC	QA	58	1627	1730	+9	‚ąí11	56	36
2024	02	07	QA	IR	3	2	AC		37	1601	1816	+5	‚ąí5	63	20
2024	02	07	NG	ZA	1	1	AR	CI	-6	1656	1580	‚ąí2	‚ąí1	50	66
2024	02	07	CI	CD	1	0	AR		16	1596	1527	0	0	64	72
2024	02	10	QA	JO	3	1	AC		30	1631	1597	+8	‚ąí7	55	63
2024	02	10	CD	ZA	0	0	AR	CI	4	1531	1576	0	0	72	66
2024	02	11	CI	NG	2	1	AR		22	1618	1634	+6	‚ąí4	58	54
2024	03	01	TT	JM	0	1	F		-8	1424	1625	0	+2	99	57
2024	03	03	TT	JM	0	0	F		3	1427	1622	0	‚ąí1	99	58
2024	03	10	BD	SD	0	0	F	SA	8	947	1314	+1	‚ąí3	193	133
2024	03	14	SD	BD	3	0	F	SA	4	1318	943	0	0	133	193
2024	03	14	KZ	TM	2	0	F	AE	6	1487	1216	+2	0	86	159
2024	03	15	MY	NP	5	1	F		2	1292	900	0	0	141	200
2024	03	17	SX	AI	1	1	F		-8	870	555	0	0	203	236
2024	03	18	SB	FJ	2	1	F		5	1311	1197	+2	0	134	162
2024	03	20	SM	KN	1	3	F		-7	770	1085	0	+1	212	175
2024	03	20	BQ	SV	1	1	F	US	9	841	1394	0	0	206	104
2024	03	20	TO	WS	1	4	OCQ		-28	496	726	0	+4	238	215
2024	03	20	LR	DJ	2	0	FQ	MA	8	1265	913	+1	0	150	197
2024	03	20	SW	SO	3	0	FQ	MA	8	1262	886	0	0	152	201
2024	03	21	SB	FJ	0	2	F		-23	1288	1220	‚ąí7	+3	141	159
2024	03	21	RU	RS	4	0	F		16	1773	1786	+6	‚ąí3	25	24
2024	03	21	PT	SE	5	2	F		3	2035	1691	+1	0	3	44
2024	03	21	ME	BY	2	0	F	TR	12	1561	1457	+2	‚ąí3	69	93
2024	03	21	MT	SI	2	2	F		8	1257	1716	0	+1	154	37
2024	03	21	IT	VE	2	1	F	US	5	1942	1750	0	0	12	33
2024	03	21	GN	VU	6	0	FFS	SA	6	1468	1073	+1	‚ąí1	91	177
2024	03	21	ET	LS	1	2	F		-14	1285	1253	‚ąí3	0	143	155
2024	03	21	EC	GT	2	0	F	US	3	1885	1481	+1	+2	13	86
2024	03	21	CY	LV	1	1	F		-2	1320	1349	0	+1	130	117
2024	03	21	CV	GY	1	0	FFS	SA	5	1564	1268	+2	0	67	148
2024	03	21	BZ	PR	1	1	F		0	1061	1146	+1	0	179	166
2024	03	21	AD	ZA	1	1	FFS	DZ	13	1115	1563	+2	‚ąí2	170	68
2024	03	21	AE	YE	2	1	WQS		2	1503	1102	0	‚ąí1	81	172
2024	03	21	TW	KG	0	2	WQS		-13	912	1267	‚ąí2	+4	198	149
2024	03	21	KR	TH	1	1	WQS		-17	1713	1437	‚ąí4	+2	40	99
2024	03	21	SG	CN	2	2	WQS		10	1128	1400	0	0	169	103
2024	03	21	SA	TJ	1	0	WQS		5	1621	1381	+3	0	57	108
2024	03	21	QA	KW	3	0	WQS		7	1638	1333	+2	‚ąí3	53	126
2024	03	21	PS	BD	5	0	WQS	KW	5	1417	938	0	‚ąí1	102	194
2024	03	21	PK	JO	0	3	WQS		-1	830	1598	0	+1	207	63
2024	03	21	OM	MY	2	0	WQS		8	1527	1284	+2	‚ąí3	74	144
2024	03	21	MM	SY	1	1	WQS		17	927	1443	+2	‚ąí2	196	95
2024	03	21	JP	KP	1	0	WQS		1	1852	1369	‚ąí1	0	16	110
2024	03	21	IQ	PH	1	0	WQS		1	1640	1052	0	+1	51	182
2024	03	21	IR	TM	5	0	WQS		1	1817	1215	‚ąí1	‚ąí2	21	161
2024	03	21	ID	VN	1	0	WQS		18	1297	1318	+7	‚ąí6	139	132
2024	03	21	HK	UZ	0	2	WQS		-3	1060	1666	‚ąí1	0	180	47
2024	03	21	BH	NP	5	0	WQS		2	1461	898	+2	0	92	200
2024	03	21	AU	LB	2	0	WQS		2	1766	1283	0	‚ąí2	29	146
2024	03	21	AF	IN	0	0	WQS	SA	9	1086	1228	+2	‚ąí2	175	158
2024	03	21	LT	GI	1	0	ENC	PT	7	1327	1050	+3	‚ąí2	128	183
2024	03	21	WA	FI	4	1	EQ		20	1715	1621	+5	‚ąí7	38	57
2024	03	21	PL	EE	5	1	EQ		5	1714	1357	0	‚ąí2	39	115
2024	03	21	IS	IL	4	1	EQ	HU	44	1550	1558	+8	‚ąí7	72	70
2024	03	21	GR	KZ	5	0	EQ		10	1738	1477	+2	‚ąí2	35	88
2024	03	21	GE	LU	2	0	EQ		13	1651	1507	+3	‚ąí5	50	80
2024	03	21	BA	UA	1	2	EQ		-7	1478	1857	0	+1	87	15
2024	03	21	US	JM	3	1	CNL		12	1772	1610	+3	‚ąí3	27	61
2024	03	21	MX	PA	3	0	CNL	US	32	1826	1733	+4	‚ąí9	19	36
2024	03	22	TG	NE	2	1	F	MA	6	1393	1231	+1	0	106	156
2024	03	22	SD	GW	1	0	F	MA	11	1329	1350	+4	‚ąí2	128	116
2024	03	22	LK	PG	0	0	FFS		11	701	1096	+4	‚ąí1	217	172
2024	03	22	SN	GA	3	0	F	FR	5	1774	1434	+2	‚ąí1	26	99
2024	03	22	RO	EI	1	1	F		-7	1667	1497	‚ąí2	+2	47	83
2024	03	22	PE	NI	2	0	F		2	1745	1330	+1	0	33	127
2024	03	22	NO	CZ	1	2	F		-13	1742	1770	‚ąí2	+2	34	29
2024	03	22	NG	GH	2	1	F	MA	7	1641	1504	+2	‚ąí2	52	81
2024	03	22	NL	SQ	4	0	F		7	1977	1793	0	0	10	22
2024	03	22	MA	AO	1	0	F		2	1775	1513	0	0	25	77
2024	03	22	MD	NM	1	1	F	TR	6	1344	1561	+2	‚ąí2	121	68
2024	03	22	ML	MR	2	0	F	MA	6	1631	1385	+1	‚ąí1	55	107
2024	03	22	MG	BI	1	0	FT		10	1321	1274	+3	‚ąí3	131	147
2024	03	22	LY	BF	2	1	F	MA	14	1408	1508	+1	‚ąí3	103	79
2024	03	22	HU	TR	1	0	F		5	1839	1760	+1	‚ąí1	17	31
2024	03	22	FO	LI	4	0	F	ES	5	1269	950	+4	‚ąí1	148	192
2024	03	22	GQ	KH	2	0	FFS	SA	1	1570	847	0	0	65	205
2024	03	22	EG	NZ	1	0	FFC		7	1646	1518	+1	0	51	75
2024	03	22	KM	UG	4	0	F	MA	24	1298	1356	+8	‚ąí4	139	113
2024	03	22	CO	ES	1	0	F	EN	11	1995	2023	+1	0	8	4
2024	03	22	CL	AL	3	0	F	IT	14	1714	1617	+4	‚ąí4	39	59
2024	03	22	CF	BT	6	0	FFS	LK	1	1304	623	0	0	137	229
2024	03	22	BG	TZ	1	0	FFS	AZ	11	1468	1351	+3	‚ąí2	90	115
2024	03	22	BW	RW	0	0	FT	MG	-2	1342	1306	‚ąí1	0	122	136
2024	03	22	BM	BN	2	0	FFS	SA	2	1149	596	0	0	165	232
2024	03	22	AZ	MN	1	0	FFS		0	1497	794	0	0	83	210
2024	03	22	AM	KO	0	1	F		-12	1457	1512	‚ąí3	+4	93	78
2024	03	22	AR	SV	3	0	F	US	0	2139	1394	0	‚ąí1	1	105
2024	03	22	DZ	BO	3	2	FFS		9	1671	1602	+2	‚ąí2	46	62
2024	03	22	ST	SS	1	1	FQ	MA	5	1059	1139	0	0	181	167
2024	03	22	TD	MU	1	0	FQ	CM	14	1169	1029	0	0	164	184
2024	03	22	VI	VG	1	1	WQ		-3	610	661	‚ąí1	0	231	227
2024	03	22	AI	TC	0	0	WQ		3	558	698	0	‚ąí3	236	220
2024	03	23	ZM	ZW	2	2	FT	MW	-6	1470	1340	0	+2	89	123
2024	03	23	SK	AT	0	2	F		-12	1649	1847	‚ąí1	+1	50	17
2024	03	23	MW	KE	0	4	FT		-36	1312	1382	‚ąí16	+11	134	108
2024	03	23	IE	BE	0	0	F		7	1615	1983	+2	0	59	9
2024	03	23	GF	HT	1	1	F		3	1289	1493	+1	+1	142	84
2024	03	23	FR	DE	0	2	F		-26	2083	1911	0	0	2	13
2024	03	23	EN	BR	0	1	F		-13	2001	2024	‚ąí2	+2	7	4
2024	03	23	DO	AW	2	0	F		4	1209	997	0	‚ąí1	162	189
2024	03	23	DK	CH	0	0	F		-4	1821	1795	0	+1	20	22
2024	03	23	HR	TN	0	0	FFC	EG	-10	1941	1684	‚ąí1	0	12	45
2024	03	23	BJ	CI	2	2	F	FR	7	1348	1611	+4	‚ąí2	119	60
2024	03	23	WS	CK	1	0	OCQ	TO	18	744	668	0	‚ąí2	215	224
2024	03	23	CR	HN	3	1	CAQ	US	24	1605	1490	+2	‚ąí9	62	85
2024	03	23	CA	TT	2	0	CAQ	US	10	1715	1417	+5	‚ąí1	38	101
2024	03	24	SM	KN	0	0	F		6	776	1079	0	0	212	176
2024	03	24	MQ	SR	1	1	F	NL	-4	1438	1307	‚ąí1	+3	97	135
2024	03	24	IT	EC	2	0	F	US	13	1955	1872	0	0	11	14
2024	03	24	GT	VE	0	0	F	US	6	1487	1744	0	‚ąí1	86	33
2024	03	24	ET	LS	2	1	F		6	1291	1247	+3	0	141	155
2024	03	24	BZ	PR	3	0	F		17	1078	1129	+2	‚ąí2	177	168
2024	03	24	US	MX	2	0	CNL		26	1798	1800	+6	‚ąí2	22	21
2024	03	24	JM	PA	1	0	CNL	US	27	1637	1706	+6	‚ąí6	55	42
2024	03	25	TZ	MN	3	0	FFS	AZ	2	1353	792	‚ąí1	0	117	210
2024	03	25	SE	AL	1	0	F		5	1696	1612	0	‚ąí1	44	60
2024	03	25	LK	BT	2	0	FFS		12	713	611	0	0	217	229
2024	03	25	ME	NM	1	0	F	TR	10	1571	1551	+2	‚ąí3	66	71
2024	03	25	MG	RW	0	2	FT		-30	1291	1336	‚ąí10	+12	140	125
2024	03	25	GW	SD	2	1	F	MA	9	1359	1320	+4	‚ąí3	113	130
2024	03	25	GN	BM	5	1	FFS	SA	8	1476	1141	+1	0	89	165
2024	03	25	CY	RS	0	1	F		-2	1318	1788	‚ąí1	0	132	25
2024	03	25	CG	GA	1	1	F	FR	4	1271	1430	+2	0	148	99
2024	03	25	CF	PG	4	0	FFS	LK	13	1317	1083	+4	‚ąí3	134	175
2024	03	25	CV	GQ	1	0	FFS	SA	15	1579	1555	+1	‚ąí4	65	69
2024	03	25	BW	BI	0	0	FT	MG	-3	1339	1277	‚ąí1	0	123	147
2024	03	25	BO	AD	1	0	FFS	DZ	2	1604	1113	0	0	63	170
2024	03	25	AZ	BG	1	1	FFS		-5	1492	1473	‚ąí2	0	84	90
2024	03	25	AO	KM	0	0	F	MA	-6	1507	1304	‚ąí2	+1	78	138
2024	03	26	ES	BR	3	3	F		-3	2020	2027	+1	+1	4	3
2024	03	26	SI	PT	2	0	F		23	1739	2012	+2	‚ąí2	34	5
2024	03	26	SN	BJ	1	0	F	FR	2	1776	1346	+2	+1	25	118
2024	03	26	SQ	EI	0	1	F		-18	1775	1515	‚ąí2	+6	26	76
2024	03	26	PE	DO	4	1	F		1	1746	1208	0	+1	32	161
2024	03	26	NO	SK	1	1	F		-5	1737	1654	‚ąí2	+1	36	49
2024	03	26	NI	CU	0	1	F		-14	1316	1304	‚ąí7	+5	134	137
2024	03	26	NZ	TN	0	0	FFC	EG	7	1525	1677	0	0	75	45
2024	03	26	MA	MR	0	0	F		-9	1766	1394	‚ąí4	0	30	107
2024	03	26	MD	KY	4	0	F	TR	2	1346	798	+3	0	118	209
2024	03	26	MT	BY	0	0	F		3	1260	1454	+2	‚ąí1	152	94
2024	03	26	ML	NG	2	0	F	MA	15	1646	1626	+4	‚ąí5	52	57
2024	03	26	MW	ZM	1	2	FT		-13	1299	1483	‚ąí4	+4	139	87
2024	03	26	LU	KZ	2	1	F		6	1513	1471	+1	‚ąí3	77	91
2024	03	26	LY	TG	1	1	F	MA	0	1408	1393	0	‚ąí2	103	108
2024	03	26	LV	LI	1	1	F	CY	-8	1341	958	‚ąí4	+1	122	191
2024	03	26	KE	ZW	3	1	FT	MW	20	1402	1320	+3	‚ąí7	105	129
2024	03	26	CI	UY	2	1	F	FR	18	1629	1988	+5	‚ąí2	56	8
2024	03	26	IE	CH	0	1	F		-8	1607	1803	‚ąí2	+2	61	21
2024	03	26	HU	KO	2	0	F		2	1841	1510	0	‚ąí2	18	78
2024	03	26	GY	KH	4	1	FFS	SA	4	1272	843	+4	0	146	205
2024	03	26	GH	UG	2	2	F	MA	-4	1500	1360	‚ąí2	+2	82	113
2024	03	26	DE	NL	2	1	F		9	1920	1968	0	0	13	10
2024	03	26	FR	CL	3	2	F		1	2084	1713	0	‚ąí1	2	40
2024	03	26	FI	EE	2	1	F		2	1623	1355	‚ąí1	‚ąí1	58	115
2024	03	26	EN	BE	2	2	F		-3	1998	1986	+1	0	6	9
2024	03	26	SV	HN	1	1	F	US	3	1397	1487	‚ąí1	0	106	85
2024	03	26	EG	HR	2	4	FFC		-11	1635	1952	‚ąí4	0	55	12
2024	03	26	DK	FO	2	0	F		1	1822	1268	0	‚ąí1	19	150
2024	03	26	CZ	AM	2	1	F		2	1772	1455	+1	0	28	93
2024	03	26	CO	RO	3	2	F	ES	3	1998	1664	+2	0	6	47
2024	03	26	BF	NE	1	1	F	MA	-7	1501	1238	‚ąí4	0	81	156
2024	03	26	BN	VU	3	2	FFS	SA	28	624	1045	+3	‚ąí5	229	183
2024	03	26	AT	TR	6	1	F		10	1857	1750	+1	0	16	31
2024	03	26	AR	CR	3	1	F	US	1	2140	1604	0	0	1	62
2024	03	26	DZ	ZA	3	3	FFS		-8	1663	1571	‚ąí2	+1	48	66
2024	03	26	TO	CK	0	1	OCQ		-16	480	684	‚ąí1	+2	239	222
2024	03	26	ST	SS	0	0	FQ	MA	5	1064	1134	+2	‚ąí1	179	167
2024	03	26	MU	TD	1	2	FQ		-18	1011	1187	‚ąí1	+1	185	163
2024	03	26	LR	DJ	0	0	FQ		-17	1248	930	‚ąí1	+1	153	196
2024	03	26	SW	SO	2	2	FQ	ZA	-16	1246	902	‚ąí2	+1	155	200
2024	03	26	LT	GI	1	0	ENC		4	1331	1046	+2	+1	126	182
2024	03	26	WA	PL	0	0	EQ		-6	1709	1720	‚ąí4	+1	41	38
2024	03	26	UA	IS	2	1	EQ	PL	6	1863	1544	0	‚ąí1	15	73
2024	03	26	GE	GR	0	0	EQ		-1	1650	1739	‚ąí1	+1	50	34
2024	03	26	VN	ID	0	3	WQS		-47	1271	1344	‚ąí16	+18	148	121
2024	03	26	UZ	HK	3	0	WQS		1	1667	1059	+2	0	46	180
2024	03	26	AE	YE	3	0	WQS	SA	6	1509	1096	+2	‚ąí1	79	172
2024	03	26	TM	IR	0	1	WQS		-2	1213	1819	+1	0	160	20
2024	03	26	TH	KR	0	3	WQS		-19	1418	1732	‚ąí3	+4	101	37
2024	03	26	TJ	SA	1	1	WQS		8	1389	1613	0	‚ąí2	109	59
2024	03	26	SY	MM	7	0	WQS	SA	4	1447	923	0	‚ąí1	95	197
2024	03	26	PH	IQ	0	5	WQS		-5	1047	1645	+1	0	181	53
2024	03	26	MY	OM	0	2	WQS		-18	1266	1545	‚ąí6	+2	151	72
2024	03	26	KG	TW	5	1	WQS		5	1272	907	+5	0	146	198
2024	03	26	KW	QA	1	2	WQS		-9	1324	1647	‚ąí2	+3	128	51
2024	03	26	JO	PK	7	0	WQS		1	1599	829	0	0	64	207
2024	03	26	IN	AF	1	2	WQS		-32	1196	1118	‚ąí4	+4	162	170
2024	03	26	CN	SG	4	1	WQS		7	1407	1121	0	0	104	169
2024	03	26	BD	PS	0	1	WQS		-4	934	1421	‚ąí1	+1	195	100
2024	03	26	BH	NP	3	0	WQS		2	1463	896	0	‚ąí1	92	201
2024	03	26	AU	LB	5	0	WQS		3	1769	1280	+1	+2	29	144
2024	03	26	TC	AI	1	1	WQ		-12	686	570	‚ąí1	+1	221	235
2024	03	26	VG	VI	0	0	WQ		-8	653	618	0	+1	227	230
2024	04	06	MP	GU	2	2	F		4	438	696	0	‚ąí1	240	219
2024	04	07	MP	GU	2	1	F		14	452	682	0	‚ąí3	240	222
2024	05	02	VC	DM	1	3	F		-22	1050	1020	‚ąí2	+3	180	185
2024	05	05	VC	DM	2	0	F		10	1060	1010	+1	‚ąí2	179	187
2024	05	13	TT	GY	2	1	F		4	1421	1268	+2	‚ąí3	100	149
2024	05	15	TT	GY	2	0	F		6	1427	1262	+1	‚ąí2	99	151
2024	05	15	SD	TZ	2	1	F	SA	11	1331	1342	+3	‚ąí4	126	121
2024	05	19	SD	TZ	1	1	F	SA	0	1331	1342	0	0	126	121
2024	05	26	GT	NI	1	1	F	US	-5	1482	1321	‚ąí2	+4	87	130
2024	05	26	GD	VC	0	3	F		-24	1071	1084	‚ąí5	+5	178	174
2024	05	31	MX	BO	1	0	F	US	5	1805	1599	+1	‚ąí1	21	63
2024	05	31	CR	UY	0	0	F		7	1611	1981	+1	‚ąí1	61	9
2024	06	01	TM	GL	5	0	F	TR	7	1220	945	+2	0	158	192
2024	06	01	LS	NA	1	1	F	ZA	3	1250	1366	+1	‚ąí1	153	111
2024	06	02	ID	TZ	0	0	F		-3	1341	1345	‚ąí1	+2	121	119
2024	06	02	SX	AI	0	3	F		-32	838	602	‚ąí3	+2	206	233
2024	06	03	SQ	GI	2	0	F	PT	0	1775	1046	0	0	26	182
2024	06	03	DE	UA	0	0	F		-4	1916	1867	0	0	13	15
2024	06	03	EN	BA	3	0	F		1	1999	1477	0	0	6	88
2024	06	03	HR	NM	3	0	F		2	1954	1549	0	0	12	71
2024	06	03	AL	LI	3	0	F	HU	1	1613	957	+1	0	59	191
2024	06	04	CH	EE	4	0	F		2	1805	1353	+1	‚ąí1	21	116
2024	06	04	SI	AM	2	1	F		2	1741	1453	0	‚ąí1	34	94
2024	06	04	SX	BQ	3	1	F	NL	15	853	826	+2	‚ąí2	204	207
2024	06	04	RO	BG	0	0	F		-7	1657	1480	‚ąí1	+2	48	88
2024	06	04	PT	FI	4	2	F		2	2014	1621	0	0	5	58
2024	06	04	IT	TR	0	0	F		-7	1948	1757	‚ąí1	0	12	31
2024	06	04	IE	HU	2	1	F		14	1621	1827	+4	0	58	18
2024	06	04	AT	RS	2	1	F		5	1862	1783	0	0	16	24
2024	06	05	UY	MX	4	0	F	US	10	1991	1795	+1	‚ąí2	8	23
2024	06	05	ES	AD	5	0	F		0	2020	1113	0	0	4	171
2024	06	05	SK	SM	4	0	F	AT	0	1654	776	0	0	49	212
2024	06	05	NO	KO	3	0	F		5	1742	1505	+2	‚ąí2	34	80
2024	06	05	FR	LU	3	0	F		1	2085	1512	0	0	2	77
2024	06	05	DK	SE	2	1	F		4	1826	1692	0	0	19	44
2024	06	05	BE	ME	2	0	F		1	1987	1570	‚ąí1	‚ąí1	9	67
2024	06	05	TN	GQ	1	0	WQ		9	1686	1546	0	‚ąí2	45	71
2024	06	05	TG	SS	1	1	WQ		-16	1377	1150	‚ąí1	+2	109	165
2024	06	05	SL	DJ	2	1	WQ	MA	4	1311	926	‚ąí1	0	136	196
2024	06	05	LR	NA	1	1	WQ	ZA	7	1255	1359	+1	‚ąí2	153	113
2024	06	05	CF	TD	1	0	WQ	MA	13	1330	1174	+6	‚ąí1	128	164
2024	06	05	TT	GD	2	2	WQ		-17	1410	1088	‚ąí3	+4	102	174
2024	06	05	SR	VC	4	1	WQ		9	1316	1075	0	‚ąí4	135	178
2024	06	05	NI	MS	4	1	WQ		6	1327	1016	+1	0	129	184
2024	06	05	GT	DM	6	0	WQ		3	1485	1007	+1	0	86	187
2024	06	05	CW	BB	4	1	WQ		4	1341	934	+3	0	121	194
2024	06	05	AG	BM	1	1	WQ		2	1013	1139	0	‚ąí1	185	166
2024	06	06	NL	CA	4	0	F		4	1972	1711	0	‚ąí1	10	40
2024	06	06	GI	WA	0	0	F	PT	10	1056	1699	+2	‚ąí2	180	43
2024	06	06	VN	PH	3	2	WQS		5	1276	1042	+1	‚ąí2	146	183
2024	06	06	UZ	TM	3	1	WQS		2	1669	1218	0	‚ąí1	46	159
2024	06	06	AE	NP	4	0	WQS	SA	2	1511	894	‚ąí1	0	79	201
2024	06	06	TW	OM	0	3	WQS		-3	904	1548	0	+1	198	71
2024	06	06	SG	KR	0	7	WQS		-5	1116	1737	‚ąí1	0	170	37
2024	06	06	PK	SA	0	3	WQS		-1	828	1614	0	+1	206	59
2024	06	06	KP	SY	1	0	WQS	LA	24	1393	1423	+4	‚ąí4	106	99
2024	06	06	MM	JP	0	5	WQS		-1	922	1853	0	0	197	17
2024	06	06	LB	PS	0	0	WQS	QA	8	1288	1413	+1	‚ąí1	143	101
2024	06	06	KG	MY	1	1	WQS		-6	1266	1272	‚ąí4	+3	150	147
2024	06	06	JO	TJ	3	0	WQS		10	1609	1379	0	0	63	108
2024	06	06	ID	IQ	0	2	WQS		-14	1327	1659	‚ąí6	+6	127	47
2024	06	06	IN	KW	0	0	WQS		2	1198	1322	0	+1	162	130
2024	06	06	HK	IR	2	4	WQS		-1	1058	1820	+1	0	179	20
2024	06	06	CN	TH	1	1	WQS		-5	1402	1423	0	+2	104	99
2024	06	06	BD	AU	0	2	WQS		-1	933	1770	‚ąí1	+1	195	28
2024	06	06	BH	YE	0	0	WQS		-17	1446	1113	‚ąí2	+1	94	171
2024	06	06	AF	QA	0	0	WQS	SA	18	1136	1629	+1	‚ąí2	169	53
2024	06	06	SN	CD	1	1	WQ		-15	1761	1546	‚ąí5	+2	30	72
2024	06	06	MR	SD	0	2	WQ		-43	1351	1374	‚ąí10	+16	117	110
2024	06	06	ML	GH	1	2	WQ		-32	1614	1532	‚ąí7	+7	59	75
2024	06	06	MW	ST	3	1	WQ		8	1307	1056	+2	‚ąí1	137	180
2024	06	06	LY	MU	2	1	WQ		2	1410	1009	+1	0	102	186
2024	06	06	GW	ET	0	0	WQ		-9	1350	1300	‚ąí5	+1	118	139
2024	06	06	EG	BF	2	1	WQ		8	1643	1493	+4	‚ąí4	51	85
2024	06	06	BJ	RW	1	0	WQ	CI	19	1365	1317	+6	‚ąí9	111	134
2024	06	06	DZ	GN	1	2	WQ		-34	1629	1510	‚ąí6	+10	53	80
2024	06	06	PA	GY	2	0	WQ		3	1709	1259	+1	‚ąí1	41	152
2024	06	06	JM	DO	1	0	WQ		2	1639	1206	+2	0	52	161
2024	06	06	HN	CU	3	1	WQ		10	1497	1294	+2	‚ąí3	83	140
2024	06	06	HT	LC	2	1	WQ	BB	4	1497	1088	0	0	83	173
2024	06	06	SV	PR	0	0	WQ		-16	1381	1145	‚ąí1	+2	107	166
2024	06	06	CR	KN	4	0	WQ		2	1613	1077	+1	‚ąí1	61	177
2024	06	07	SQ	FI	2	2	F		-6	1769	1627	‚ąí4	+1	29	56
2024	06	07	RO	LI	0	0	F		-10	1647	967	‚ąí2	0	50	191
2024	06	07	PL	UA	3	1	F		17	1737	1850	+2	‚ąí2	36	17
2024	06	07	PE	PY	0	0	F		-4	1742	1710	‚ąí1	+1	33	41
2024	06	07	DE	GR	2	1	F		3	1919	1736	0	‚ąí2	13	38
2024	06	07	EN	IS	0	1	F		-19	1980	1563	‚ąí3	+6	9	68
2024	06	07	CZ	MT	7	1	F	AT	2	1774	1258	+1	‚ąí2	26	153
2024	06	07	KH	MN	2	0	F		9	852	783	0	0	205	210
2024	06	07	BY	RU	0	4	F		-8	1446	1781	‚ąí1	+1	93	25
2024	06	07	AM	KZ	2	1	F		8	1461	1463	+1	0	92	91
2024	06	07	AL	AZ	3	1	F	HU	10	1623	1482	+4	‚ąí1	57	87
2024	06	07	UG	BW	1	0	WQ		13	1373	1326	+2	‚ąí4	111	128
2024	06	07	NG	ZA	1	1	WQ		-8	1618	1579	‚ąí3	+1	59	65
2024	06	07	MZ	SO	2	1	WQ		2	1365	900	0	0	112	200
2024	06	07	MA	ZM	2	1	WQ		4	1770	1479	+2	‚ąí1	27	89
2024	06	07	MG	KM	2	1	WQ	ZA	21	1312	1283	+6	‚ąí8	135	146
2024	06	07	LS	ZW	2	0	WQ	ZA	36	1286	1284	+11	‚ąí13	143	144
2024	06	07	CI	GA	1	0	WQ		6	1635	1424	0	0	53	97
2024	06	07	BI	KE	1	1	WQ	MW	7	1284	1395	+1	‚ąí1	144	105
2024	06	07	AO	SW	1	0	WQ		4	1511	1242	+2	0	79	155
2024	06	08	US	CO	1	5	F		-13	1785	2011	‚ąí2	+1	24	5
2024	06	08	CH	AT	1	1	F		-1	1804	1863	0	0	21	15
2024	06	08	SE	RS	0	3	F		-18	1674	1801	‚ąí1	+2	45	22
2024	06	08	ES	EI	5	1	F		1	2021	1514	0	0	4	77
2024	06	08	SI	BG	1	1	F		-8	1733	1488	‚ąí3	+2	38	86
2024	06	08	PT	HR	1	2	F		-14	2000	1968	‚ąí1	0	6	11
2024	06	08	MD	CY	3	2	F		6	1352	1312	0	‚ąí1	119	133
2024	06	08	HU	IL	3	0	F		4	1831	1554	‚ąí1	0	19	69
2024	06	08	DK	NO	3	1	F		8	1834	1734	+1	‚ąí4	18	37
2024	06	08	BN	LK	1	0	F		10	634	703	+1	0	228	217
2024	06	08	BR	MX	3	2	F	US	4	2031	1791	0	0	3	23
2024	06	08	BE	LU	3	0	F		1	1988	1511	0	0	8	78
2024	06	08	LV	LT	0	2	BLC		-29	1312	1360	‚ąí11	+9	133	115
2024	06	08	EE	FO	4	1	BLC		13	1366	1255	+4	‚ąí3	112	153
2024	06	08	GM	SC	5	1	WQ	MA	4	1358	851	‚ąí2	‚ąí2	117	205
2024	06	08	CM	CV	4	1	WQ		27	1582	1552	+5	‚ąí5	65	70
2024	06	08	TT	BS	7	1	WQ	KN	3	1413	813	+1	‚ąí1	101	209
2024	06	08	KY	AG	1	0	WQ		26	824	987	+1	‚ąí4	208	189
2024	06	08	VG	GT	0	3	WQ		-1	652	1486	0	‚ąí1	227	87
2024	06	08	BZ	NI	0	4	WQ		-22	1056	1349	‚ąí3	+4	179	122
2024	06	08	AW	CW	0	2	WQ		-12	985	1353	‚ąí1	+4	190	118
2024	06	08	AI	SR	0	4	WQ		-2	600	1318	0	+3	233	131
2024	06	09	SK	WA	4	0	F		16	1670	1683	+2	0	46	43
2024	06	09	ME	GE	1	3	F		-16	1554	1666	‚ąí1	+1	68	48
2024	06	09	IT	BA	1	0	F		1	1949	1476	0	0	12	90
2024	06	09	FR	CA	0	0	F		-9	2076	1720	0	+1	2	39
2024	06	09	AR	EC	1	0	F	US	4	2144	1868	0	0	1	14
2024	06	09	NA	TN	0	0	WQ	ZA	15	1374	1671	+7	‚ąí1	109	45
2024	06	09	MR	SN	0	1	WQ		-6	1345	1767	‚ąí2	0	122	30
2024	06	09	LR	ST	1	0	WQ	MA	10	1265	1046	+2	‚ąí2	151	181
2024	06	09	CD	TG	1	0	WQ		7	1553	1370	+3	‚ąí3	70	112
2024	06	09	DJ	ET	1	1	WQ	MA	16	942	1284	+3	‚ąí5	193	143
2024	06	09	PA	MS	3	1	WQ	NI	1	1710	1015	+1	0	41	184
2024	06	09	GD	CR	0	3	WQ		-6	1082	1619	‚ąí2	+3	175	59
2024	06	09	SV	VC	3	1	WQ	SR	9	1390	1066	0	0	107	177
2024	06	09	DM	JM	2	3	WQ		-2	1005	1641	0	0	186	52
2024	06	09	BM	HN	1	6	WQ		-15	1124	1512	‚ąí2	+5	169	78
2024	06	09	BB	HT	1	3	WQ		-4	930	1501	‚ąí2	‚ąí1	196	84
2024	06	10	PL	TR	2	1	F		8	1745	1749	+2	0	32	31
2024	06	10	NL	IS	4	0	F		2	1974	1561	0	0	10	67
2024	06	10	CZ	NM	2	1	F		3	1777	1546	0	‚ąí2	26	74
2024	06	10	UG	DZ	1	2	WQ		-12	1361	1641	‚ąí4	+3	115	51
2024	06	10	MZ	GN	1	0	WQ	MA	28	1393	1482	+7	‚ąí5	107	87
2024	06	10	GW	EG	1	1	WQ		10	1360	1633	+4	‚ąí3	116	54
2024	06	10	GH	CF	4	3	WQ		6	1538	1324	0	‚ąí3	75	128
2024	06	10	GQ	MW	1	0	WQ		5	1551	1302	+2	0	72	137
2024	06	10	BF	SL	2	2	WQ	ML	-10	1483	1321	‚ąí1	+6	86	130
2024	06	10	BW	SO	3	1	WQ	MZ	5	1331	895	+2	0	125	200
2024	06	10	BJ	NG	2	1	WQ	CI	32	1397	1586	+9	‚ąí4	105	64
2024	06	11	SM	CY	1	4	F		-3	773	1315	0	‚ąí2	212	136
2024	06	11	PT	IE	3	0	F		2	2002	1619	0	‚ąí1	6	59
2024	06	11	EI	AD	2	0	F	ES	3	1517	1110	0	0	77	171
2024	06	11	MN	KH	2	1	F		9	792	843	0	‚ąí1	210	205
2024	06	11	MD	UA	0	4	F		-3	1349	1853	0	0	120	17
2024	06	11	IL	BY	4	0	F	HU	13	1567	1433	+1	‚ąí4	67	97
2024	06	11	GR	MT	2	0	F	AT	2	1738	1256	0	0	36	153
2024	06	11	CL	PY	3	0	F		12	1725	1698	+1	‚ąí1	39	42
2024	06	11	BN	LK	1	0	F		9	643	694	0	‚ąí1	228	218
2024	06	11	AZ	KZ	3	2	F	HU	9	1491	1454	+3	‚ąí1	84	92
2024	06	11	LT	EE	1	1	BLC		-4	1356	1370	‚ąí2	0	118	114
2024	06	11	LV	FO	1	0	BLC		9	1321	1246	+2	0	132	154
2024	06	11	AE	BH	1	1	WQS		-9	1502	1455	‚ąí3	+2	82	91
2024	06	11	TM	HK	0	0	WQS		-13	1205	1071	‚ąí2	+1	161	177
2024	06	11	TH	SG	3	1	WQS		5	1428	1111	+1	0	98	170
2024	06	11	TJ	PK	3	0	WQS		2	1381	826	‚ąí1	0	111	206
2024	06	11	KR	CN	1	0	WQS		3	1740	1399	0	‚ąí1	35	105
2024	06	11	SA	JO	1	2	WQS		-26	1588	1635	‚ąí3	+9	63	53
2024	06	11	QA	IN	2	1	WQS		2	1631	1196	0	0	55	162
2024	06	11	OM	KG	1	1	WQS		-16	1532	1282	‚ąí2	+5	75	145
2024	06	11	KP	MM	4	1	WQS	LA	4	1397	918	+1	0	106	197
2024	06	11	NP	YE	2	2	WQS	SA	11	905	1102	+3	‚ąí1	198	172
2024	06	11	MY	TW	3	1	WQS		4	1276	900	+1	‚ąí2	147	200
2024	06	11	LB	BD	4	0	WQS	QA	9	1297	924	+1	‚ąí1	139	196
2024	06	11	KW	AF	1	0	WQS		6	1328	1130	+1	+1	128	167
2024	06	11	JP	SY	5	0	WQS		4	1857	1419	0	‚ąí1	16	100
2024	06	11	IQ	VN	3	1	WQS		4	1663	1272	0	‚ąí2	49	149
2024	06	11	IR	UZ	0	0	WQS		-12	1808	1681	0	+3	20	44
2024	06	11	ID	PH	2	0	WQS		6	1333	1036	0	0	126	183
2024	06	11	AU	PS	5	0	WQS		5	1775	1408	0	‚ąí1	27	102
2024	06	11	ZM	TZ	0	1	WQ		-32	1447	1377	‚ąí4	+10	93	112
2024	06	11	SS	SD	0	3	WQ		-23	1127	1397	‚ąí3	+5	168	106
2024	06	11	ZA	ZW	3	1	WQ		6	1585	1278	+1	‚ąí3	65	146
2024	06	11	RW	LS	1	0	WQ	ZA	18	1335	1268	+8	‚ąí8	125	150
2024	06	11	MA	CG	6	0	WQ		3	1773	1268	‚ąí1	‚ąí1	28	150
2024	06	11	MU	SW	2	1	WQ		27	1036	1215	+2	‚ąí4	183	159
2024	06	11	MG	ML	0	0	WQ	ZA	14	1326	1600	+5	‚ąí1	129	61
2024	06	11	CI	KE	0	0	WQ	MW	-12	1623	1407	‚ąí4	+3	57	103
2024	06	11	GA	GM	3	2	WQ		11	1435	1347	+1	‚ąí4	96	122
2024	06	11	KM	TD	2	0	WQ	MA	21	1304	1153	+9	0	137	164
2024	06	11	CV	LY	1	0	WQ		8	1560	1402	+2	‚ąí1	69	104
2024	06	11	BI	SC	3	1	WQ	MA	5	1289	846	+2	+1	141	204
2024	06	11	AO	CM	1	1	WQ		-2	1509	1584	‚ąí1	‚ąí1	80	66
2024	06	11	KN	BS	1	0	WQ		4	1081	809	0	0	176	209
2024	06	11	PR	AI	8	0	WQ		2	1147	598	+1	0	165	233
2024	06	11	GY	BZ	3	1	WQ	BB	14	1273	1042	+4	‚ąí3	148	182
2024	06	11	DO	VG	4	0	WQ		2	1208	650	+1	0	160	227
2024	06	11	AW	LC	2	2	WQ	BB	6	991	1082	+1	‚ąí1	189	174
2024	06	12	US	BR	1	1	F		4	1789	2027	0	0	24	3
2024	06	12	EC	BO	3	1	F	US	5	1873	1594	0	0	14	62
2024	06	14	PE	SV	1	0	F	US	2	1744	1388	+1	0	33	110
2024	06	14	AR	GT	4	1	F	US	1	2145	1485	0	0	1	86
2024	06	14	DE	SQ	5	1	EC		18	1937	1751	0	‚ąí1	13	30
2024	06	15	CO	BO	3	0	F	US	3	2014	1591	0	0	5	62
2024	06	15	VU	SB	1	0	OC		35	1080	1253	+4	‚ąí10	177	153
2024	06	15	CH	HU	3	1	EC	DE	40	1844	1791	+3	‚ąí3	18	22
2024	06	15	ES	HR	3	0	EC	DE	37	2058	1931	+1	‚ąí2	3	13
2024	06	15	IT	AL	2	1	EC	DE	7	1956	1616	+1	‚ąí3	11	60
2024	06	16	PA	PY	0	1	F		-13	1697	1711	‚ąí1	+1	42	41
2024	06	16	EC	HN	2	1	F	US	2	1875	1510	0	‚ąí1	14	79
2024	06	16	TI	WS	2	0	OC	FJ	6	1190	738	0	0	163	215
2024	06	16	FJ	PG	5	1	OC		19	1239	1064	+2	‚ąí6	155	179
2024	06	16	NL	PL	2	1	EC	DE	11	1985	1734	0	‚ąí5	10	37
2024	06	16	EN	RS	1	0	EC	DE	13	1993	1788	+2	‚ąí3	7	24
2024	06	16	DK	SI	1	1	EC	DE	-7	1827	1740	0	+4	19	34
2024	06	17	SK	BE	1	0	EC	DE	43	1713	1945	+5	‚ąí2	42	11
2024	06	17	RO	UA	3	0	EC	DE	67	1714	1786	+9	‚ąí7	41	24
2024	06	17	FR	AT	1	0	EC	DE	11	2087	1852	0	‚ąí1	2	16
2024	06	18	NZ	SB	3	0	OC	VU	15	1540	1238	+2	‚ąí2	74	155
2024	06	18	TR	GE	3	1	EC	DE	29	1778	1637	+5	‚ąí3	26	52
2024	06	18	PT	CZ	2	1	EC	DE	11	2013	1766	0	‚ąí4	6	30
2024	06	19	PG	TI	1	1	OC	FJ	9	1073	1181	+2	0	177	163
2024	06	19	FJ	WS	9	1	OC		4	1243	734	0	0	154	215
2024	06	19	SQ	CH	1	1	EC	DE	7	1758	1837	0	0	31	17
2024	06	19	DE	HU	2	0	EC		15	1952	1776	+1	‚ąí6	11	26
2024	06	19	AL	HR	2	2	EC	DE	18	1634	1913	+6	0	54	13
2024	06	20	ES	IT	1	0	EC	DE	18	2076	1938	0	‚ąí2	3	12
2024	06	20	RS	SI	1	1	EC	DE	-3	1785	1743	‚ąí1	0	23	34
2024	06	20	DK	EN	1	1	EC	DE	11	1838	1982	+1	‚ąí2	17	9
2024	06	20	AR	CA	2	0	CA	US	6	2151	1714	0	0	1	40
2024	06	21	VU	NZ	0	4	OC		-10	1070	1550	‚ąí2	+1	178	73
2024	06	21	UA	SK	2	1	EC	DE	20	1806	1693	+2	‚ąí2	20	44
2024	06	21	FR	NL	0	0	EC	DE	-7	2080	1992	0	+1	2	7
2024	06	21	AT	PL	3	1	EC	DE	25	1877	1709	+2	‚ąí5	14	42
2024	06	21	CL	PE	0	0	CA	US	1	1726	1743	+1	‚ąí1	38	33
2024	06	22	PG	WS	2	1	OC	FJ	6	1079	728	0	0	176	215
2024	06	22	FJ	TI	1	0	OC		14	1257	1167	+2	0	152	163
2024	06	22	PT	TR	3	0	EC	DE	18	2031	1760	+2	‚ąí5	4	30
2024	06	22	CZ	GE	1	1	EC	DE	-9	1757	1646	‚ąí2	+2	32	50
2024	06	22	BE	RO	2	0	EC	DE	16	1961	1698	+1	‚ąí3	10	42
2024	06	22	VE	EC	2	1	CA	US	34	1778	1841	+7	‚ąí1	25	16
2024	06	22	MX	JM	1	0	CA	US	15	1806	1626	+1	‚ąí7	20	57
2024	06	23	HU	SQ	1	0	EC	DE	24	1800	1734	+4	‚ąí5	22	36
2024	06	23	DE	CH	1	1	EC		-14	1938	1851	0	+2	11	16
2024	06	23	UY	PA	3	1	CA	US	12	2003	1685	+1	‚ąí1	7	44
2024	06	23	US	BO	2	0	CA		11	1800	1580	0	‚ąí4	22	66
2024	06	24	ES	AL	1	0	EC	DE	4	2080	1630	+1	‚ąí3	2	56
2024	06	24	HR	IT	1	1	EC	DE	2	1915	1936	0	‚ąí1	13	12
2024	06	24	CO	PY	2	1	CA	US	7	2021	1704	+1	‚ąí1	5	41
2024	06	24	BR	CR	0	0	CA	US	-21	2006	1640	‚ąí1	+7	6	52
2024	06	25	FR	PL	1	1	EC	DE	-20	2060	1729	‚ąí1	+2	3	38
2024	06	25	EN	SI	0	0	EC	DE	-15	1967	1758	+1	+1	8	31
2024	06	25	DK	RS	0	0	EC	DE	-4	1834	1789	0	0	18	24
2024	06	25	AT	NL	3	2	EC	DE	33	1910	1959	0	‚ąí2	14	10
2024	06	25	CA	PE	1	0	CA	US	27	1741	1716	+6	‚ąí8	33	40
2024	06	25	AR	CL	1	0	CA	US	4	2155	1722	0	‚ąí1	1	39
2024	06	26	ZA	MZ	1	1	CSF		-14	1571	1407	‚ąí2	+6	66	103
2024	06	26	BW	SW	0	0	CSF	ZA	-6	1325	1221	‚ąí3	+1	130	158
2024	06	26	TR	CZ	2	1	EC	DE	25	1785	1732	+5	‚ąí5	25	37
2024	06	26	RO	SK	1	1	EC	DE	0	1698	1693	‚ąí1	‚ąí1	43	44
2024	06	26	GE	PT	2	0	EC	DE	68	1714	1963	+9	‚ąí4	41	8
2024	06	26	BE	UA	0	0	EC	DE	-10	1951	1816	‚ąí1	+1	10	19
2024	06	26	VE	MX	1	0	CA	US	27	1805	1779	+5	‚ąí7	21	27
2024	06	26	EC	JM	3	1	CA	US	17	1858	1609	+2	‚ąí2	15	60
2024	06	27	ZW	KM	1	0	CSF	ZA	21	1299	1283	+7	‚ąí7	138	144
2024	06	27	KE	ZM	2	0	CSF	ZA	33	1440	1414	+9	‚ąí8	94	101
2024	06	27	VU	FJ	2	1	OC		31	1101	1226	+5	‚ąí5	173	157
2024	06	27	NZ	TI	5	0	OC	VU	10	1560	1157	+4	0	69	163
2024	06	27	UY	BO	5	0	CA	US	8	2011	1572	+1	0	5	65
2024	06	27	US	PA	1	2	CA		-39	1761	1724	‚ąí8	+6	30	39
2024	06	28	LS	SC	1	1	CSF	ZA	-17	1251	863	‚ąí3	+1	152	203
2024	06	28	AO	NA	0	0	CSF	ZA	-7	1502	1381	‚ąí1	+2	81	111
2024	06	28	CO	CR	3	0	CA	US	9	2030	1631	0	‚ąí2	4	54
2024	06	28	BR	PY	4	1	CA	US	13	2019	1691	+1	‚ąí2	5	45
2024	06	29	ZA	BW	0	0	CSF		-15	1556	1340	‚ąí4	+5	70	125
2024	06	29	SW	MZ	0	0	CSF	ZA	10	1231	1397	+2	‚ąí2	156	106
2024	06	29	CH	IT	2	0	EC	DE	46	1897	1890	+3	‚ąí3	14	15
2024	06	29	DE	DK	2	0	EC		18	1956	1816	+1	0	10	18
2024	06	29	CA	CL	0	0	CA	US	-1	1740	1723	0	0	32	40
2024	06	29	AR	PE	2	0	CA	US	6	2161	1710	0	‚ąí1	1	42
2024	06	30	VU	NZ	0	3	OC		-10	1091	1570	0	+2	173	66
2024	06	30	TI	FJ	2	1	OC	VU	30	1187	1196	0	‚ąí3	163	161
2024	06	30	ZW	ZM	2	0	CSF	ZA	40	1339	1374	+12	‚ąí12	126	113
2024	06	30	KM	KE	2	0	CSF	ZA	43	1326	1397	+14	‚ąí10	130	104
2024	06	30	ES	GE	4	1	EC	DE	9	2089	1705	0	‚ąí1	2	42
2024	06	30	EN	SK	2	1	EC	DE	9	1976	1684	0	‚ąí1	7	45
2024	06	30	VE	JM	3	0	CA	US	21	1826	1588	+3	‚ąí1	18	61
2024	06	30	EC	MX	0	0	CA	US	-6	1852	1785	‚ąí1	+2	17	24
2024	07	01	NA	LS	2	1	CSF	ZA	13	1394	1238	+1	‚ąí1	109	153
2024	07	01	AO	SC	3	2	CSF	ZA	1	1503	862	0	0	81	203
2024	07	01	PT	SI	0	0	EC	DE	-13	1950	1771	‚ąí2	+2	10	29
2024	07	01	FR	BE	1	0	EC	DE	17	2077	1934	0	0	3	11
2024	07	01	US	UY	0	1	CA		-15	1746	2026	‚ąí1	+1	31	5
2024	07	01	PA	BO	3	1	CA	US	22	1746	1550	+8	‚ąí8	31	73
2024	07	02	ZA	SW	1	0	CSF		3	1559	1228	0	‚ąí1	69	157
2024	07	02	MZ	BW	3	1	CSF	ZA	25	1422	1315	+5	‚ąí11	99	136
2024	07	02	KE	ZW	2	0	CSF	ZA	25	1422	1314	+5	‚ąí12	99	138
2024	07	02	KM	ZM	1	0	CSF	ZA	23	1349	1351	+10	‚ąí6	120	119
2024	07	02	TR	AT	2	1	EC	DE	34	1819	1876	+5	‚ąí2	19	15
2024	07	02	NL	RO	3	0	EC	DE	16	1975	1682	0	‚ąí2	8	45
2024	07	02	CR	PY	2	1	CA	US	29	1660	1662	+3	‚ąí6	51	50
2024	07	02	BR	CO	1	1	CA	US	1	2020	2029	0	0	6	4
2024	07	03	NA	SC	3	1	CSF	ZA	3	1397	859	+3	0	106	203
2024	07	03	AO	LS	3	1	CSF	ZA	11	1514	1227	+3	‚ąí4	78	157
2024	07	04	AR	EC	1	1	CA	US	-18	2143	1870	0	+1	1	16
2024	07	05	MZ	NA	0	0	CSF	ZA	-1	1421	1398	‚ąí1	0	100	106
2024	07	05	AO	KM	2	1	CSF	ZA	11	1525	1338	+1	‚ąí5	77	125
2024	07	05	DE	ES	1	2	EC		-23	1933	2112	‚ąí2	0	11	2
2024	07	05	FR	PT	0	0	EC	DE	-9	2068	1959	0	+1	3	9
2024	07	05	CA	VE	1	1	CA	US	6	1746	1820	+2	0	31	18
2024	07	06	NL	TR	2	1	EC	DE	14	1989	1805	+1	‚ąí3	7	22
2024	07	06	EN	CH	1	1	EC	DE	-6	1970	1903	‚ąí1	0	8	13
2024	07	06	CO	PA	5	0	CA	US	16	2045	1730	0	‚ąí7	4	38
2024	07	06	BR	UY	0	0	CA	US	0	2020	2026	0	0	6	5
2024	07	07	KM	MZ	2	2	CSF	ZA	5	1343	1416	0	‚ąí1	125	101
2024	07	07	AO	NA	5	0	CSF	ZA	26	1551	1372	+5	‚ąí6	72	112
2024	07	09	ES	FR	2	1	EC	DE	22	2134	2046	0	0	2	3
2024	07	09	AR	CA	2	0	CA	US	7	2150	1739	0	‚ąí2	1	33
2024	07	10	EN	NL	2	1	EC	DE	26	1996	1963	+1	‚ąí1	7	8
2024	07	10	CO	UY	1	0	CA	US	24	2069	2002	+1	‚ąí1	3	6
2024	07	13	CA	UY	2	2	CA	US	16	1755	1986	+2	‚ąí1	31	7
2024	07	14	ES	EN	2	1	EC	DE	16	2150	1980	0	‚ąí1	2	7
2024	07	14	AR	CO	1	0	CA	US	19	2169	2050	0	0	1	3
2024	07	27	SV	GT	1	0	F	US	13	1401	1472	+4	‚ąí3	105	89
2024	08	17	AI	MF	0	0	F		6	604	934	0	0	233	194
2024	08	27	JO	KP	0	0	F		-7	1628	1404	‚ąí3	+3	56	104
2024	08	29	JO	KP	2	1	F		3	1631	1401	+2	‚ąí1	54	105
2024	08	30	ET	SD	2	0	F		16	1300	1381	+4	‚ąí1	140	109
2024	08	30	EU	AB	3	8	F		-30	727	701	‚ąí2	+7	215	217
2024	08	31	LY	BW	1	0	F		5	1407	1310	0	‚ąí2	104	138
2024	08	31	EU	AB	5	3	F		10	737	691	+1	‚ąí3	214	220
2024	09	01	GT	UY	1	1	F	US	9	1481	1977	+1	‚ąí1	88	7
2024	09	02	FJ	SB	1	0	FT		13	1209	1225	+2	‚ąí4	159	157
2024	09	03	IN	MU	0	0	INL		-10	1186	1046	‚ąí1	+2	163	181
2024	09	04	GI	AD	1	0	F		9	1065	1101	0	‚ąí1	180	172
2024	09	04	MY	PH	2	1	MRD		4	1280	1032	0	0	146	184
2024	09	04	LB	TJ	1	0	MRD	MY	19	1316	1362	+5	‚ąí5	136	114
2024	09	04	TZ	ET	0	0	FQ		-9	1368	1309	‚ąí2	0	113	140
2024	09	04	SD	NE	1	0	FQ	SS	12	1393	1226	0	‚ąí3	109	156
2024	09	04	LY	RW	1	1	FQ		-9	1398	1344	‚ąí3	+1	107	125
2024	09	04	KM	GM	1	1	FQ	MA	0	1343	1347	‚ąí1	0	126	122
2024	09	04	VI	BS	3	3	CLC		5	623	804	‚ąí1	0	231	209
2024	09	04	TC	AI	0	2	CLC		-44	642	648	‚ąí8	+7	229	226
2024	09	04	KY	VG	1	0	CLC		7	831	643	+2	0	206	227
2024	09	05	BT	BD	0	1	F		-5	606	929	‚ąí1	0	233	196
2024	09	05	VN	RU	0	3	VFF		-5	1267	1786	0	+2	148	24
2024	09	05	LK	KH	0	0	SQ		3	697	840	0	0	218	205
2024	09	05	HK	SB	3	0	FT	FJ	37	1108	1188	+7	‚ąí4	171	161
2024	09	05	TL	MN	4	1	SQ	ID	52	663	740	+6	‚ąí3	226	213
2024	09	05	UZ	KP	1	0	WQ		4	1685	1397	+1	‚ąí2	45	106
2024	09	05	KR	PS	0	0	WQ		-17	1723	1425	‚ąí5	+6	38	97
2024	09	05	SA	ID	1	1	WQ		-15	1573	1348	‚ąí5	+4	66	123
2024	09	05	QA	AE	1	3	WQ		-47	1584	1549	‚ąí9	+8	63	74
2024	09	05	JO	KW	1	1	WQ		-16	1615	1344	‚ąí4	0	58	128
2024	09	05	JP	CN	7	0	WQ		3	1860	1396	0	‚ąí2	17	108
2024	09	05	IQ	OM	1	0	WQ		8	1671	1524	0	‚ąí1	49	78
2024	09	05	IR	KG	1	0	WQ		1	1809	1281	+1	+1	20	144
2024	09	05	AU	BH	0	1	WQ		-37	1738	1492	‚ąí6	+7	33	84
2024	09	05	TN	MG	1	0	FQ		3	1674	1323	0	‚ąí2	48	131
2024	09	05	MW	BI	2	3	FQ		-26	1276	1315	‚ąí5	+6	146	137
2024	09	05	GW	SW	1	0	FQ		8	1368	1220	+4	‚ąí1	112	155
2024	09	05	GH	AO	0	1	FQ		-25	1513	1576	‚ąí3	+7	79	65
2024	09	05	CG	SS	1	0	FQ		8	1276	1119	+3	‚ąí1	146	169
2024	09	05	CF	LS	3	1	FQ	MA	22	1346	1205	+6	‚ąí4	125	159
2024	09	05	DZ	GQ	2	0	FQ		15	1656	1536	0	‚ąí5	52	77
2024	09	05	SM	LI	1	0	END		25	798	942	+2	‚ąí1	210	192
2024	09	05	EI	LU	2	0	ENC		21	1538	1490	+2	‚ąí6	76	85
2024	09	05	EE	SK	0	1	ENC		-9	1361	1693	‚ąí4	‚ąí1	115	44
2024	09	05	BY	BG	0	0	ENC	HU	3	1436	1485	+2	‚ąí1	94	86
2024	09	05	AZ	SE	1	3	ENC		-23	1468	1697	‚ąí6	+4	90	43
2024	09	05	RS	ES	0	0	ENA		13	1802	2137	+2	0	22	2
2024	09	05	SQ	PL	2	3	ENA		-26	1708	1755	‚ąí6	+9	41	30
2024	09	05	PT	HR	2	1	ENA		12	1971	1903	+1	0	8	12
2024	09	05	DK	CH	2	0	ENA		29	1845	1874	+1	‚ąí2	18	15
2024	09	05	SV	MS	4	1	CLB	BQ	7	1408	1008	0	0	104	185
2024	09	05	BQ	VC	1	1	CLB		8	834	1058	+1	‚ąí1	206	180
2024	09	05	GY	SR	1	3	CLA		-35	1238	1353	‚ąí5	+17	152	118
2024	09	05	GT	MQ	3	1	CLA		18	1499	1420	+5	‚ąí6	83	100
2024	09	05	CR	GP	3	0	CLA		5	1665	1321	+1	‚ąí3	50	132
2024	09	05	BO	VE	4	0	WQ		55	1605	1765	+15	‚ąí11	59	29
2024	09	05	AR	CL	3	0	WQ		3	2172	1720	0	+1	1	39
2024	09	06	SY	MU	2	0	INL	IN	5	1424	1041	+2	‚ąí2	99	183
2024	09	06	TO	CK	3	1	WQ	WS	46	526	638	+1	‚ąí9	238	230
2024	09	06	WS	AS	2	0	WQ		4	732	372	0	0	215	243
2024	09	06	BN	MO	3	0	SQ		27	670	640	+5	‚ąí4	223	229
2024	09	06	TG	LR	1	1	FQ		-11	1359	1276	‚ąí6	+4	117	145
2024	09	06	ZA	UG	2	2	FQ		-14	1545	1375	‚ąí2	+5	73	110
2024	09	06	SN	BF	1	1	FQ		-16	1751	1499	‚ąí3	+5	31	82
2024	09	06	MA	GA	4	1	FQ		5	1778	1430	0	0	26	95
2024	09	06	ML	MZ	1	1	FQ		-13	1587	1429	0	+6	60	96
2024	09	06	KE	ZW	0	0	FQ	UG	-6	1416	1320	‚ąí3	+5	102	134
2024	09	06	CI	ZM	2	0	FQ		6	1629	1345	+1	‚ąí3	55	123
2024	09	06	EG	CV	3	0	FQ		19	1652	1541	0	‚ąí4	53	74
2024	09	06	CD	GN	1	0	FQ		11	1564	1471	+4	‚ąí1	69	89
2024	09	06	TD	SL	0	0	FQ	LR	9	1162	1312	0	‚ąí7	164	139
2024	09	06	LT	CY	0	1	ENC		-28	1328	1343	‚ąí13	+9	130	128
2024	09	06	KO	RO	0	3	ENC		-27	1478	1709	‚ąí6	+6	87	41
2024	09	06	WA	TR	0	0	ENB		1	1684	1804	‚ąí1	0	47	21
2024	09	06	SI	AT	1	1	ENB		0	1771	1876	0	0	27	14
2024	09	06	KZ	NO	0	0	ENB		10	1464	1724	+1	‚ąí2	91	37
2024	09	06	IS	ME	2	0	ENB		21	1582	1533	+5	‚ąí5	64	77
2024	09	06	FR	IT	1	3	ENA		-49	1997	1939	‚ąí1	+2	5	11
2024	09	06	BE	IL	3	1	ENA	HU	6	1940	1561	0	‚ąí2	10	70
2024	09	06	SX	AW	2	0	CLB	PR	41	894	950	+2	‚ąí1	202	190
2024	09	06	LC	CW	2	1	CLB	GD	33	1115	1320	+5	‚ąí16	170	134
2024	09	06	PR	HT	1	4	CLB		-13	1134	1514	‚ąí1	+2	166	80
2024	09	06	GD	MF	2	0	CLB		12	1094	922	0	‚ąí2	175	196
2024	09	06	JM	CU	0	0	CLA		-16	1572	1310	‚ąí6	+2	67	140
2024	09	06	HN	TT	4	0	CLA		18	1528	1395	+2	‚ąí5	78	108
2024	09	06	GF	NI	0	1	CLA		-22	1267	1371	‚ąí5	+9	148	112
2024	09	06	UY	PY	0	0	WQ		-17	1960	1679	‚ąí2	+3	9	48
2024	09	06	PE	CO	1	1	WQ		12	1722	2038	+1	0	39	3
2024	09	06	BR	EC	1	0	WQ		8	2028	1862	+1	0	4	16
2024	09	07	US	CA	1	2	F		-13	1733	1768	‚ąí2	+1	34	28
2024	09	07	MX	NZ	3	0	F	US	8	1793	1562	+3	‚ąí1	22	69
2024	09	07	NG	BJ	3	0	FQ		11	1597	1386	+1	‚ąí4	60	109
2024	09	07	MR	BW	1	0	FQ		13	1358	1297	+4	‚ąí2	119	142
2024	09	07	CM	NA	1	0	FQ		6	1590	1366	+1	‚ąí3	61	114
2024	09	07	MD	MT	2	0	END		15	1364	1241	+4	‚ąí1	115	151
2024	09	07	FO	NM	1	1	ENC		10	1256	1536	+1	‚ąí3	150	75
2024	09	07	AM	LV	4	1	ENC		14	1475	1307	+4	‚ąí9	88	141
2024	09	07	IE	EN	0	2	ENB		-11	1608	1991	‚ąí1	0	58	6
2024	09	07	GR	FI	3	0	ENB		16	1754	1611	+2	‚ąí1	31	57
2024	09	07	GE	CZ	4	1	ENB		28	1733	1704	+9	‚ąí8	34	43
2024	09	07	AL	UA	2	1	ENB	CZ	30	1660	1786	+2	‚ąí4	52	23
2024	09	07	NL	BA	5	2	ENA		2	1965	1474	0	‚ąí1	8	89
2024	09	07	DE	HU	5	0	ENA		17	1950	1783	+2	‚ąí2	10	25
2024	09	07	TC	BZ	0	4	CLC		-11	631	1053	‚ąí2	+1	230	181
2024	09	07	KY	KN	1	4	CLC		-21	810	1102	‚ąí1	+4	208	173
2024	09	07	BB	BS	3	2	CLC	VI	13	943	791	+2	‚ąí1	192	210
2024	09	07	DO	BM	3	2	CLB	AG	15	1223	1109	+3	‚ąí3	155	171
2024	09	07	AG	DM	1	2	CLB		-25	962	1030	0	+1	189	185
2024	09	08	FJ	HK	1	1	FT		-8	1201	1116	‚ąí2	+3	160	169
2024	09	08	BT	BD	1	0	F		16	622	913	0	‚ąí2	233	197
2024	09	08	PH	TJ	0	0	MRD	MY	11	1043	1351	+1	‚ąí4	183	120
2024	09	08	MY	LB	1	0	MRD		12	1292	1304	+1	‚ąí5	143	141
2024	09	08	GM	TN	1	2	FQ	MA	-5	1342	1679	‚ąí7	+1	129	48
2024	09	08	GI	LI	2	2	END		-11	1054	953	‚ąí1	+3	180	190
2024	09	08	SE	EE	3	0	ENC		5	1702	1356	0	‚ąí1	44	118
2024	09	08	SK	AZ	2	0	ENC		8	1701	1460	0	‚ąí2	45	93
2024	09	08	LU	BY	0	1	ENC		-28	1462	1464	‚ąí7	+4	92	90
2024	09	08	BG	EI	1	0	ENC		17	1502	1521	+4	‚ąí5	82	79
2024	09	08	CH	ES	1	4	ENA		-20	1854	2157	‚ąí3	0	18	2
2024	09	08	PT	SQ	2	1	ENA		4	1975	1704	0	0	7	42
2024	09	08	DK	RS	2	0	ENA		18	1863	1784	+3	‚ąí3	15	24
2024	09	08	HR	PL	1	0	ENA		8	1911	1747	0	‚ąí2	13	32
2024	09	08	VC	MS	2	0	CLB	BQ	26	1084	982	+2	‚ąí2	178	188
2024	09	08	BQ	SV	1	2	CLB		-2	832	1410	0	0	206	103
2024	09	09	IN	SY	0	3	INL		-16	1170	1440	0	+4	163	95
2024	09	09	AS	CK	2	1	F	WS	16	388	622	0	‚ąí3	243	232
2024	09	09	WS	TO	2	1	WQ		6	738	520	+1	0	214	238
2024	09	09	UG	CG	2	0	FQ		14	1389	1262	+2	‚ąí4	108	149
2024	09	09	SN	BI	1	0	FQ	MW	3	1754	1312	+1	+1	30	135
2024	09	09	MA	LS	1	0	FQ		1	1779	1204	0	‚ąí1	26	159
2024	09	09	GH	NE	1	1	FQ	MA	-14	1499	1240	‚ąí3	+1	84	153
2024	09	09	GQ	TG	2	2	FQ		-13	1523	1372	‚ąí3	+5	77	111
2024	09	09	CD	ET	2	0	FQ	TZ	11	1575	1298	+3	‚ąí2	65	141
2024	09	09	KM	MG	1	1	FQ	TN	-1	1342	1324	+1	0	126	131
2024	09	09	AO	SD	2	1	FQ		7	1583	1386	+1	‚ąí1	64	109
2024	09	09	CY	KO	0	4	ENC		-34	1309	1512	‚ąí11	+5	138	81
2024	09	09	RO	LT	3	1	ENC		4	1713	1324	0	‚ąí1	41	131
2024	09	09	TR	IS	3	1	ENB		8	1812	1574	+1	‚ąí2	19	66
2024	09	09	SI	KZ	3	0	ENB		6	1777	1458	0	‚ąí3	27	93
2024	09	09	NO	AT	2	1	ENB		23	1747	1853	+5	‚ąí4	32	18
2024	09	09	ME	WA	1	2	ENB		-17	1516	1701	‚ąí3	+2	79	45
2024	09	09	IT	IL	2	1	ENA	HU	4	1943	1557	+1	0	11	70
2024	09	09	FR	BE	2	0	ENA		17	2014	1923	0	‚ąí1	5	12
2024	09	09	PR	AW	1	0	CLB		7	1141	943	+1	‚ąí1	165	192
2024	09	09	HT	SX	6	0	CLB	PR	2	1516	892	+1	0	79	202
2024	09	09	GD	LC	1	2	CLB		-24	1070	1139	‚ąí3	+4	179	166
2024	09	09	CW	MF	4	0	CLB	GD	7	1327	915	+3	‚ąí1	130	196
2024	09	09	MQ	GY	2	2	CLA		-13	1407	1251	‚ąí2	+1	103	151
2024	09	09	GT	CR	0	0	CLA		4	1503	1661	+1	0	82	51
2024	09	09	GP	SR	1	0	CLA		16	1337	1337	+4	‚ąí9	128	128
2024	09	10	VN	TH	1	2	VFF		-12	1255	1440	‚ąí3	+2	150	96
2024	09	10	US	NZ	1	1	F		-7	1726	1569	‚ąí2	0	37	69
2024	09	10	MD	SM	1	0	F		0	1364	798	+2	0	114	209
2024	09	10	CA	MX	0	0	F	US	1	1769	1792	0	0	28	21
2024	09	10	ZM	SL	3	2	FQ		13	1358	1299	+6	‚ąí5	116	140
2024	09	10	SS	ZA	2	3	FQ		-5	1114	1550	‚ąí2	‚ąí1	171	73
2024	09	10	RW	NG	0	0	FQ		8	1352	1589	+4	‚ąí1	120	61
2024	09	10	MZ	GW	2	1	FQ		11	1440	1357	+1	‚ąí4	96	117
2024	09	10	ML	SW	1	0	FQ	ZA	4	1591	1216	+2	0	60	156
2024	09	10	LR	DZ	0	3	FQ		-12	1264	1668	‚ąí1	+3	146	50
2024	09	10	KE	NA	2	1	FQ	ZA	17	1433	1349	+2	‚ąí7	99	122
2024	09	10	CI	TD	2	0	FQ	CM	4	1633	1158	‚ąí1	0	56	164
2024	09	10	GN	TZ	1	2	FQ	CI	-26	1445	1394	‚ąí4	+7	93	106
2024	09	10	GA	CF	2	0	FQ		15	1445	1331	+3	‚ąí9	93	130
2024	09	10	CV	MR	2	0	FQ		10	1551	1348	+1	‚ąí6	72	123
2024	09	10	CM	ZW	0	0	FQ	UG	-13	1577	1333	‚ąí4	+4	65	129
2024	09	10	BF	MW	3	1	FQ	ML	13	1512	1263	+5	‚ąí2	79	147
2024	09	10	BW	EG	0	4	FQ		-14	1283	1666	‚ąí1	+3	143	51
2024	09	10	BJ	LY	2	1	FQ	CI	21	1407	1377	+6	‚ąí7	103	111
2024	09	10	MN	TL	2	0	SQ		16	756	647	+1	0	212	225
2024	09	10	MO	BN	0	1	SQ		-24	616	694	‚ąí4	+4	232	219
2024	09	10	KH	LK	2	2	SQ		-12	828	709	‚ąí1	+1	206	217
2024	09	10	AE	IR	0	1	WQ		-11	1538	1820	‚ąí3	+1	74	19
2024	09	10	OM	KR	1	3	WQ		-22	1502	1745	‚ąí7	+3	83	35
2024	09	10	KP	QA	2	2	WQ	LA	10	1407	1574	+2	‚ąí4	103	67
2024	09	10	KG	UZ	2	3	WQ		-6	1275	1691	‚ąí1	0	145	47
2024	09	10	KW	IQ	0	0	WQ		11	1355	1660	+5	‚ąí3	119	53
2024	09	10	JO	PS	3	1	WQ	MY	15	1630	1410	‚ąí1	‚ąí2	57	101
2024	09	10	ID	AU	0	0	WQ		14	1362	1724	+5	‚ąí4	115	38
2024	09	10	CN	SA	1	2	WQ		-16	1380	1589	‚ąí4	+6	110	61
2024	09	10	BH	JP	0	5	WQ		-14	1478	1874	‚ąí1	+2	87	14
2024	09	10	AD	MT	0	1	END		-18	1083	1259	‚ąí2	+3	177	149
2024	09	10	NM	AM	2	0	ENC		17	1553	1458	+3	‚ąí4	71	91
2024	09	10	LV	FO	1	0	ENC		12	1319	1244	+4	‚ąí2	135	152
2024	09	10	IE	GR	0	2	ENB		-26	1582	1780	‚ąí6	+6	64	24
2024	09	10	EN	FI	2	0	ENB		4	1995	1607	0	‚ąí1	6	58
2024	09	10	CZ	UA	3	2	ENB		19	1723	1767	+3	‚ąí7	39	29
2024	09	10	AL	GE	0	1	ENB		-22	1638	1755	‚ąí2	+4	54	31
2024	09	10	NL	DE	2	2	ENA		-6	1959	1956	0	+1	8	9
2024	09	10	HU	BA	0	0	ENA		-17	1766	1491	‚ąí5	+2	30	86
2024	09	10	VI	BB	0	3	CLC		-15	608	958	‚ąí2	+3	233	189
2024	09	10	KN	VG	2	0	CLC	KY	4	1106	639	0	0	173	227
2024	09	10	BZ	AI	1	0	CLC	TC	4	1057	644	+1	0	180	226
2024	09	10	DO	DM	2	0	CLB	AG	15	1238	1015	+1	0	154	185
2024	09	10	AG	BM	0	1	CLB		-17	945	1126	‚ąí2	+3	191	169
2024	09	10	TT	GF	0	0	CLA		-12	1383	1279	‚ąí2	+3	109	144
2024	09	10	HN	JM	1	2	CLA		-23	1505	1595	‚ąí6	+9	81	59
2024	09	10	CU	NI	1	1	CLA		-2	1308	1373	‚ąí1	0	138	112
2024	09	10	VE	UY	0	0	WQ		5	1770	1955	+2	‚ąí1	27	10
2024	09	10	PY	BR	1	0	WQ		32	1711	1996	+6	‚ąí1	42	5
2024	09	10	EC	PE	1	0	WQ		8	1870	1714	0	‚ąí1	15	40
2024	09	10	CO	AR	2	1	WQ		22	2060	2150	0	‚ąí1	3	2
2024	09	10	CL	BO	1	2	WQ		-31	1689	1636	‚ąí8	+4	48	55
2024	10	08	BN	TL	0	1	SEQ		-28	666	675	‚ąí6	+2	225	223
2024	10	09	KN	VG	3	1	CLC		2	1108	637	0	0	173	227
2024	10	09	BZ	AI	1	0	CLC		2	1059	642	0	0	180	226
2024	10	09	BB	VI	5	0	CLC		6	964	602	0	0	189	233
2024	10	10	MM	LK	2	0	F		4	922	705	0	0	195	217
2024	10	10	LI	HK	1	0	F		12	965	1104	+1	‚ąí3	189	173
2024	10	10	NC	PG	3	1	WQ	FJ	18	1248	1061	+2	‚ąí1	153	179
2024	10	10	FJ	SB	1	0	WQ		14	1215	1174	+2	‚ąí1	158	162
2024	10	10	UZ	IR	0	0	WQ		2	1693	1818	0	0	47	19
2024	10	10	AE	KP	1	1	WQ		-12	1526	1419	0	+2	74	101
2024	10	10	SA	JP	0	2	WQ		-15	1574	1889	‚ąí7	0	68	14
2024	10	10	QA	KG	3	1	WQ		5	1579	1270	+2	+1	65	144
2024	10	10	OM	KW	4	0	WQ		15	1517	1340	+5	‚ąí7	78	126
2024	10	10	JO	KR	0	2	WQ		-29	1601	1774	‚ąí2	+7	59	28
2024	10	10	IQ	PS	1	0	WQ		5	1665	1405	0	‚ąí4	53	105
2024	10	10	BH	ID	2	2	WQ		-11	1467	1373	0	+3	87	112
2024	10	10	AU	CN	3	1	WQ		4	1728	1376	+1	‚ąí1	37	111
2024	10	10	ZW	NA	1	0	FQ	ZA	21	1354	1328	+11	‚ąí8	118	130
2024	10	10	GH	SD	0	0	FQ		-11	1488	1397	‚ąí1	+2	86	106
2024	10	10	CD	TZ	1	0	FQ		7	1582	1387	+3	‚ąí2	63	108
2024	10	10	CV	BW	0	1	FQ		-36	1515	1319	‚ąí9	+8	81	135
2024	10	10	BF	BI	4	1	FQ	CI	17	1529	1295	+6	‚ąí6	73	142
2024	10	10	DZ	TG	5	1	FQ		7	1675	1365	0	‚ąí1	50	114
2024	10	10	MD	AD	2	0	END		6	1370	1077	+1	+1	113	176
2024	10	10	GI	SM	1	0	END		5	1059	793	+1	0	180	209
2024	10	10	LV	NM	0	3	ENC		-22	1297	1575	‚ąí6	+4	141	67
2024	10	10	FO	AM	2	2	ENC		6	1250	1452	0	‚ąí1	152	92
2024	10	10	NO	SI	3	0	ENB		28	1775	1749	+6	‚ąí8	27	34
2024	10	10	FI	IE	1	2	ENB		-27	1580	1609	‚ąí6	+6	64	58
2024	10	10	EN	GR	1	2	ENB		-34	1961	1814	‚ąí1	+4	7	20
2024	10	10	AT	KZ	4	0	ENB		4	1857	1454	+2	0	16	91
2024	10	10	IT	BE	2	2	ENA		-7	1936	1930	0	0	11	12
2024	10	10	FR	IL	4	1	ENA	HU	5	2019	1552	0	‚ąí1	4	71
2024	10	10	VC	SV	2	3	CLB		-9	1075	1419	‚ąí1	0	177	101
2024	10	10	MS	BQ	1	0	CLB	VC	12	994	820	0	‚ąí2	188	207
2024	10	10	NI	JM	0	2	CLA		-20	1353	1615	‚ąí7	+2	119	57
2024	10	10	GF	HN	2	3	CLA		-13	1266	1518	‚ąí1	+4	145	77
2024	10	10	CU	TT	2	2	CLA		-1	1307	1384	+1	0	137	109
2024	10	10	VE	AR	1	1	WQ		13	1783	2137	+2	0	25	2
2024	10	10	EC	PY	0	0	WQ		-13	1857	1724	‚ąí1	+3	16	39
2024	10	10	CL	BR	1	2	WQ		-9	1680	2005	0	0	48	5
2024	10	10	BO	CO	1	0	WQ		35	1671	2025	+4	0	51	3
2024	10	11	KH	TW	3	2	F		9	837	891	0	‚ąí2	205	202
2024	10	11	TH	PH	3	1	KNG		2	1442	1041	+2	0	94	183
2024	10	11	SY	TJ	1	0	KNG	TH	11	1451	1340	+4	‚ąí4	92	125
2024	10	11	NZ	TI	3	0	WQ	VU	7	1576	1180	+3	0	67	161
2024	10	11	ZM	TD	0	0	FQ		-14	1344	1172	‚ąí7	+1	122	163
2024	10	11	UG	SS	1	0	FQ		4	1393	1110	0	0	107	170
2024	10	11	TN	KM	0	1	FQ		-37	1642	1379	‚ąí5	+13	54	111
2024	10	11	ZA	CG	5	0	FQ		8	1558	1254	+1	‚ąí2	71	150
2024	10	11	SN	MW	4	0	FQ		2	1756	1261	+1	+1	32	146
2024	10	11	NG	LY	1	0	FQ		6	1595	1371	0	‚ąí4	61	114
2024	10	11	MZ	SW	1	1	FQ		-15	1425	1231	‚ąí4	0	100	156
2024	10	11	ML	GW	1	0	FQ		5	1596	1352	0	‚ąí3	60	119
2024	10	11	CI	SL	4	1	FQ		5	1638	1294	+1	‚ąí3	55	142
2024	10	11	GM	MG	1	1	FQ	MA	-1	1341	1325	0	+3	124	129
2024	10	11	GA	LS	0	0	FQ		-15	1430	1219	‚ąí4	+3	97	157
2024	10	11	GQ	LR	1	0	FQ		4	1527	1260	+1	‚ąí1	74	147
2024	10	11	EG	MR	2	0	FQ		5	1671	1343	+2	‚ąí1	50	123
2024	10	11	CM	KE	4	1	FQ		14	1591	1419	+4	‚ąí3	62	102
2024	10	11	BJ	RW	3	0	FQ	CI	30	1437	1322	+7	‚ąí11	96	131
2024	10	11	AO	NE	2	0	FQ		4	1587	1236	‚ąí1	0	63	154
2024	10	11	EE	AZ	3	1	ENC		30	1386	1430	+8	‚ąí7	109	97
2024	10	11	SK	SE	2	2	ENC		-6	1695	1708	‚ąí1	+1	46	43
2024	10	11	UA	GE	1	0	ENB	PL	19	1786	1736	+7	‚ąí5	23	37
2024	10	11	TR	ME	1	0	ENB		4	1816	1512	+1	‚ąí3	20	82
2024	10	11	IS	WA	2	2	ENB		2	1576	1699	+1	0	67	45
2024	10	11	CZ	AL	2	0	ENB		15	1738	1623	+4	‚ąí1	36	56
2024	10	11	HU	NL	1	1	ENA		5	1771	1954	+1	‚ąí1	30	9
2024	10	11	BA	DE	1	2	ENA		-4	1487	1960	‚ąí1	+1	86	8
2024	10	11	SX	PR	3	2	CLB	AW	32	924	1109	+7	‚ąí6	195	171
2024	10	11	LC	MF	2	1	CLB		5	1144	910	+1	‚ąí2	165	198
2024	10	11	CW	GD	0	0	CLB	LC	-13	1314	1083	‚ąí4	+2	135	176
2024	10	11	AW	HT	1	3	CLB		-4	939	1520	‚ąí1	+1	194	78
2024	10	11	SR	CR	1	1	CLA		11	1348	1650	+7	+1	120	53
2024	10	11	GY	GT	1	3	CLA		-18	1233	1521	‚ąí4	+7	155	76
2024	10	11	GP	MQ	0	1	CLA		-22	1315	1429	‚ąí7	+4	134	99
2024	10	11	PE	UY	1	0	WQ		28	1742	1927	+6	‚ąí2	35	12
2024	10	12	VN	IN	1	1	F		-5	1250	1175	‚ąí1	+2	150	162
2024	10	12	US	PA	2	0	F		11	1737	1719	+4	‚ąí4	36	42
2024	10	12	VU	WS	4	1	WQ		5	1096	733	0	‚ąí1	175	215
2024	10	12	MA	CF	5	0	FQ		3	1782	1328	0	0	27	127
2024	10	12	GN	ET	4	1	FQ	CI	21	1466	1277	+3	‚ąí4	90	143
2024	10	12	LT	KO	1	2	ENC		-15	1309	1527	‚ąí5	+8	135	74
2024	10	12	CY	RO	0	3	ENC		-10	1299	1723	‚ąí2	+1	138	41
2024	10	12	BG	LU	0	0	ENC		-8	1494	1470	0	+2	84	87
2024	10	12	BY	EI	0	0	ENC	HU	3	1467	1518	0	‚ąí3	88	79
2024	10	12	ES	DK	1	0	ENA		4	2161	1859	0	0	1	15
2024	10	12	RS	CH	2	0	ENA		27	1811	1827	+3	0	22	18
2024	10	12	PL	PT	1	3	ENA		-19	1728	1994	‚ąí4	0	38	6
2024	10	12	HR	SQ	2	1	ENA		6	1917	1698	0	‚ąí1	13	45
2024	10	12	TC	AI	2	1	CLC	BZ	21	652	621	+2	‚ąí5	226	231
2024	10	12	KY	VG	1	0	CLC	KN	11	821	626	+1	‚ąí1	207	228
2024	10	12	BS	VI	3	1	CLC	BB	15	806	587	+1	0	209	233
2024	10	12	DO	AG	5	0	CLB	BM	12	1250	933	+3	‚ąí3	150	194
2024	10	12	BM	DM	6	1	CLB		18	1144	997	+3	‚ąí1	165	186
2024	10	13	MM	LK	0	0	F		-7	915	712	0	0	196	217
2024	10	13	AD	SM	2	0	F		3	1080	790	‚ąí1	0	178	210
2024	10	13	BF	BI	2	0	FQ	CI	12	1541	1283	0	‚ąí2	73	142
2024	10	13	MT	MD	1	0	END		21	1280	1349	+5	‚ąí4	143	119
2024	10	13	LI	GI	0	0	END		0	965	1059	+1	0	188	180
2024	10	13	FO	LV	1	1	ENC		-3	1247	1300	‚ąí3	+1	153	138
2024	10	13	AM	NM	0	2	ENC		-28	1424	1603	‚ąí8	+11	100	58
2024	10	13	KZ	SI	0	1	ENB		-10	1444	1759	‚ąí1	+2	92	31
2024	10	13	GR	IE	2	0	ENB		9	1823	1600	+2	‚ąí2	19	60
2024	10	13	FI	EN	1	3	ENB		-10	1570	1971	‚ąí5	0	70	7
2024	10	13	AT	NO	5	1	ENB		19	1876	1756	+1	‚ąí4	15	32
2024	10	13	VC	SV	2	1	CLB		32	1107	1387	+5	‚ąí5	173	107
2024	10	13	BQ	MS	1	0	CLB	VC	29	849	965	+3	0	205	188
2024	10	14	NZ	MY	4	0	F		4	1580	1288	+1	0	66	141
2024	10	14	TH	SY	2	1	KNG		11	1453	1440	+2	‚ąí4	91	95
2024	10	14	PH	TJ	3	0	KNG	TH	45	1086	1295	+7	‚ąí13	176	138
2024	10	14	ZW	NA	3	1	FQ	ZA	28	1382	1300	+6	‚ąí8	110	135
2024	10	14	TG	DZ	0	1	FQ		-9	1356	1684	‚ąí3	+1	118	48
2024	10	14	MZ	SW	3	0	FQ	ZA	17	1442	1214	+6	‚ąí3	93	159
2024	10	14	LR	GQ	1	2	FQ		-11	1249	1538	‚ąí3	0	151	74
2024	10	14	GM	MG	1	0	FQ	MA	19	1360	1306	+7	‚ąí4	117	133
2024	10	14	CM	KE	1	0	FQ	UG	11	1602	1408	+4	‚ąí1	59	103
2024	10	14	EE	SE	0	3	ENC		-15	1371	1723	‚ąí5	+3	114	40
2024	10	14	AZ	SK	1	3	ENC		-17	1413	1712	‚ąí6	+3	102	43
2024	10	14	WA	ME	1	0	ENB		6	1705	1506	0	0	44	83
2024	10	14	IS	TR	2	4	ENB		-19	1557	1835	‚ąí4	+3	71	18
2024	10	14	GE	AL	0	1	ENB		-31	1705	1654	‚ąí7	+3	44	53
2024	10	14	CZ	UA	1	1	ENB	PL	3	1741	1783	0	‚ąí2	35	26
2024	10	14	IT	IL	4	1	ENA		4	1940	1548	+1	0	9	72
2024	10	14	DE	NL	1	0	ENA		14	1974	1940	+1	0	7	9
2024	10	14	BA	HU	0	2	ENA		-15	1472	1786	0	+5	86	24
2024	10	14	BE	FR	1	2	ENA		-21	1909	2040	‚ąí2	+1	13	3
2024	10	14	LC	MF	0	4	CLB		-65	1079	975	‚ąí13	+10	178	188
2024	10	14	PR	SX	2	1	CLB	AW	10	1119	914	+3	‚ąí2	168	197
2024	10	14	CW	GD	1	0	CLB	LC	8	1322	1075	+7	‚ąí2	127	179
2024	10	14	AW	HT	3	5	CLB		-4	935	1524	‚ąí1	0	194	78
2024	10	14	TT	CU	3	1	CLA		16	1400	1291	+5	‚ąí4	105	140
2024	10	14	NI	GF	3	2	CLA		10	1363	1256	+1	‚ąí1	116	147
2024	10	14	JM	HN	0	0	CLA		-10	1605	1528	0	+4	57	75
2024	10	15	MX	US	2	0	F		9	1801	1728	0	‚ąí4	23	40
2024	10	15	HK	KH	3	0	F		4	1108	833	+3	‚ąí1	170	207
2024	10	15	CA	PA	2	1	F		6	1775	1713	+1	0	29	42
2024	10	15	BN	TL	0	0	SEQ	TH	1	667	674	0	0	225	223
2024	10	15	UZ	AE	1	0	WQ		7	1700	1519	0	‚ąí2	47	79
2024	10	15	KR	IQ	3	2	WQ		9	1783	1656	+2	‚ąí1	27	53
2024	10	15	SA	BH	0	0	WQ		-11	1563	1478	‚ąí1	+3	69	85
2024	10	15	KG	KP	1	0	WQ		23	1293	1396	+6	‚ąí6	139	107
2024	10	15	KW	PS	2	2	WQ	QA	4	1344	1401	+1	‚ąí1	124	105
2024	10	15	JO	OM	4	0	WQ		19	1620	1498	+4	‚ąí1	56	82
2024	10	15	JP	AU	1	1	WQ		-13	1876	1741	0	+2	14	35
2024	10	15	IR	QA	4	1	WQ	AE	14	1832	1565	+2	‚ąí1	19	68
2024	10	15	CN	ID	2	1	WQ		14	1390	1359	+3	‚ąí6	109	119
2024	10	15	ZM	TD	1	0	FQ	CM	11	1355	1161	+2	0	121	164
2024	10	15	TZ	CD	0	2	FQ		-22	1365	1604	‚ąí6	+7	114	58
2024	10	15	SD	GH	2	0	FQ	LY	38	1435	1450	+9	‚ąí6	97	91
2024	10	15	SS	UG	1	2	FQ		-10	1100	1403	‚ąí3	+3	173	104
2024	10	15	SL	CI	1	0	FQ	LR	35	1329	1603	+11	‚ąí3	128	59
2024	10	15	RW	BJ	2	1	FQ		21	1343	1416	+1	‚ąí5	126	101
2024	10	15	MA	CF	4	0	FQ		3	1785	1325	+2	‚ąí4	26	130
2024	10	15	MR	EG	0	1	FQ		-8	1335	1679	‚ąí3	+1	127	49
2024	10	15	MW	SN	0	1	FQ		-4	1257	1760	‚ąí2	+1	148	31
2024	10	15	GW	ML	0	0	FQ		8	1360	1588	+2	‚ąí3	117	65
2024	10	15	GN	ET	3	0	FQ	CI	18	1484	1259	+6	‚ąí3	84	147
2024	10	15	GA	LS	2	0	FQ	ZA	14	1444	1205	+5	‚ąí3	92	159
2024	10	15	CG	ZA	1	1	FQ		11	1265	1547	+3	‚ąí2	145	72
2024	10	15	KM	TN	1	1	FQ	CI	13	1392	1629	+3	0	108	55
2024	10	15	BW	CV	1	0	FQ		25	1344	1490	+6	‚ąí1	124	83
2024	10	15	AO	NE	1	0	FQ	MA	5	1592	1231	0	0	64	154
2024	10	15	EI	BG	5	0	ENC		26	1544	1468	+7	‚ąí4	73	88
2024	10	15	LT	RO	1	2	ENC		-6	1303	1729	‚ąí3	+1	135	39
2024	10	15	KO	CY	3	0	ENC		9	1536	1290	0	‚ąí4	76	141
2024	10	15	BY	LU	1	1	ENC	HU	0	1467	1470	‚ąí1	0	89	87
2024	10	15	CH	DK	2	2	ENA		-4	1823	1863	‚ąí1	‚ąí1	20	17
2024	10	15	ES	RS	3	0	ENA		5	2166	1806	0	0	1	22
2024	10	15	SQ	PT	0	0	ENA		10	1708	1984	+2	0	44	6
2024	10	15	PL	HR	3	3	ENA		5	1733	1912	‚ąí1	0	38	12
2024	10	15	KN	KY	1	1	CLC		-16	1092	837	‚ąí4	+2	175	206
2024	10	15	BZ	TC	3	0	CLC		4	1063	648	+1	0	180	226
2024	10	15	BB	BS	6	2	CLC		14	978	792	+3	0	188	209
2024	10	15	DO	AG	5	0	CLB	BM	11	1261	922	+3	0	146	195
2024	10	15	BM	DM	3	2	CLB		8	1152	989	0	‚ąí1	165	187
2024	10	15	SR	GY	5	1	CLA		17	1365	1216	+7	0	114	155
2024	10	15	MQ	GP	0	0	CLA		-11	1418	1326	‚ąí2	+2	100	129
2024	10	15	CR	GT	3	0	CLA		15	1665	1506	+2	‚ąí1	52	80
2024	10	15	UY	EC	0	0	WQ		-9	1918	1866	0	+1	11	16
2024	10	15	PY	VE	2	1	WQ		18	1742	1765	+5	‚ąí4	34	30
2024	10	15	CO	CL	4	0	WQ		5	2030	1675	0	‚ąí1	4	50
2024	10	15	BR	PE	4	0	WQ		8	2013	1734	0	‚ąí3	5	37
2024	10	15	AR	BO	6	0	WQ		3	2140	1668	0	‚ąí1	2	51
2024	11	13	TJ	NP	4	0	FT		3	1298	902	0	0	138	199
2024	11	13	BD	MV	0	1	F		-14	899	897	‚ąí2	+2	200	201
2024	11	13	LR	TG	1	0	FQ		20	1269	1336	+6	‚ąí6	145	126
2024	11	13	TD	SL	1	1	FQ	CI	9	1170	1320	0	‚ąí3	164	131
2024	11	13	CM	NA	0	0	FQ	ZA	-14	1588	1314	‚ąí3	+3	64	133
2024	11	14	TH	LB	0	0	F		-6	1447	1310	‚ąí1	+2	91	133
2024	11	14	SG	MM	3	2	F		3	1114	912	‚ąí4	‚ąí1	173	197
2024	11	14	MT	LI	2	0	F		3	1283	962	+1	0	143	190
2024	11	14	MY	LA	3	1	F	TH	1	1289	667	+2	0	140	224
2024	11	14	HK	PH	3	1	F		10	1118	1076	‚ąí1	‚ąí3	171	179
2024	11	14	TN	MG	3	2	FQ	ZA	5	1634	1301	0	‚ąí1	55	135
2024	11	14	SS	CG	3	2	FQ		24	1124	1241	+5	‚ąí7	168	153
2024	11	14	SN	BF	1	0	FQ	ML	9	1769	1532	‚ąí2	‚ąí2	33	76
2024	11	14	RW	LY	0	1	FQ		-24	1319	1395	‚ąí6	+7	131	105
2024	11	14	NE	SD	4	0	FQ	TG	57	1288	1378	+13	‚ąí15	141	112
2024	11	14	LS	CF	1	0	FQ	ZA	27	1232	1298	+5	‚ąí7	154	136
2024	11	14	GQ	DZ	0	0	FQ		3	1541	1681	+1	+1	74	47
2024	11	14	BI	MW	0	0	FQ	CI	-1	1282	1258	‚ąí1	‚ąí2	144	151
2024	11	14	BJ	NG	1	1	FQ	CI	9	1425	1586	+4	‚ąí3	97	65
2024	11	14	NM	LV	1	0	ENC		4	1607	1296	+1	‚ąí1	58	138
2024	11	14	AM	FO	0	1	ENC		-33	1391	1280	‚ąí10	+8	108	145
2024	11	14	SI	NO	1	4	ENB		-45	1714	1801	‚ąí10	+11	42	22
2024	11	14	KZ	AT	0	2	ENB		-8	1436	1884	‚ąí4	0	96	14
2024	11	14	IE	FI	1	0	ENB		13	1613	1557	+4	‚ąí3	57	70
2024	11	14	GR	EN	0	3	ENB		-30	1793	2001	‚ąí4	+2	24	6
2024	11	14	FR	IL	0	0	ENA		-19	2021	1567	‚ąí1	+2	4	69
2024	11	14	BE	IT	0	1	ENA		-24	1885	1964	0	0	13	9
2024	11	14	NC	SB	3	2	WQ	PG	16	1264	1158	+4	‚ąí1	148	164
2024	11	14	PG	FJ	3	3	WQ		3	1064	1212	0	‚ąí2	181	159
2024	11	14	AE	KG	3	0	WQ		9	1528	1284	+2	‚ąí3	77	142
2024	11	14	QA	UZ	3	2	WQ		22	1587	1678	+4	‚ąí2	64	49
2024	11	14	OM	PS	1	0	WQ		10	1508	1391	+2	‚ąí3	80	108
2024	11	14	KW	KR	1	3	WQ		-7	1337	1790	‚ąí1	+2	124	25
2024	11	14	IQ	JO	0	0	WQ		-7	1649	1627	0	0	53	56
2024	11	14	IR	KP	3	2	WQ	LA	3	1835	1393	+1	+1	18	106
2024	11	14	BH	CN	0	1	WQ		-30	1448	1420	‚ąí5	+10	90	99
2024	11	14	AU	SA	0	0	WQ		-13	1728	1576	‚ąí5	+1	40	68
2024	11	14	KN	CU	2	1	CCQ		26	1118	1265	+4	‚ąí7	171	147
2024	11	14	BZ	GF	2	1	CCQ		25	1088	1231	+4	‚ąí5	176	155
2024	11	14	VC	MS	2	1	CLB	SV	12	1119	953	+2	‚ąí1	169	191
2024	11	14	SV	BQ	1	0	CLB		1	1388	848	0	0	110	205
2024	11	14	JM	US	0	1	CNL		-19	1586	1747	‚ąí8	+6	65	34
2024	11	14	CR	PA	0	1	CNL		-23	1642	1736	‚ąí2	+6	54	36
2024	11	14	VE	BR	1	1	WQ		8	1773	2005	‚ąí2	0	32	5
2024	11	14	PY	AR	2	1	WQ		34	1776	2106	+4	0	30	2
2024	11	14	EC	BO	4	0	WQ		11	1877	1657	+1	0	15	51
2024	11	15	RU	BN	11	0	F		0	1786	667	0	0	26	224
2024	11	15	ZM	CI	1	0	FQ		28	1383	1575	+10	‚ąí8	110	68
2024	11	15	UG	ZA	0	2	FQ		-26	1377	1573	‚ąí10	+3	113	69
2024	11	15	MZ	ML	0	1	FQ		-17	1425	1605	‚ąí3	+3	96	59
2024	11	15	KE	ZW	1	1	FQ	ZA	-1	1407	1383	‚ąí1	+1	103	110
2024	11	15	GA	MA	1	5	FQ		-15	1429	1800	‚ąí3	+5	95	23
2024	11	15	SW	GW	1	1	FQ	ZA	8	1222	1352	+1	‚ąí2	157	119
2024	11	15	KM	GM	2	1	FQ	MA	18	1410	1342	+5	‚ąí5	102	122
2024	11	15	CV	EG	1	1	FQ		5	1495	1674	0	‚ąí2	83	50
2024	11	15	BW	MR	1	1	FQ		-6	1338	1341	‚ąí1	+3	124	123
2024	11	15	AO	GH	1	1	FQ		-12	1580	1462	‚ąí5	+2	66	87
2024	11	15	CY	LT	2	1	ENC		15	1305	1288	+5	‚ąí6	134	140
2024	11	15	TI	WS	3	0	WQ	NZ	5	1185	728	0	0	161	215
2024	11	15	NZ	VU	8	1	WQ		3	1583	1093	+2	‚ąí1	65	176
2024	11	15	ID	JP	0	4	WQ		-6	1353	1882	+1	+1	118	15
2024	11	15	SM	GI	1	1	END		9	799	1050	+1	+1	209	181
2024	11	15	RO	KO	0	0	ENC		-14	1715	1550	‚ąí3	0	42	75
2024	11	15	EI	BY	2	0	ENC		16	1560	1451	+1	0	72	88
2024	11	15	LU	BG	0	1	ENC		-26	1444	1494	‚ąí5	+3	91	84
2024	11	15	CH	RS	1	1	ENA		-6	1817	1812	0	0	20	21
2024	11	15	SQ	HR	1	0	ENA		26	1734	1886	+7	0	37	12
2024	11	15	PT	PL	5	1	ENA		9	1993	1724	0	‚ąí2	7	40
2024	11	15	DK	ES	1	2	ENA		-9	1854	2175	0	0	17	1
2024	11	15	KY	GP	0	6	CCQ		-8	829	1334	‚ąí1	0	207	127
2024	11	15	BB	GY	1	4	CCQ		-22	956	1238	‚ąí2	+2	190	154
2024	11	15	PR	AW	5	1	CLB		12	1131	923	+2	0	167	194
2024	11	15	HT	SX	8	0	CLB	PR	3	1527	911	0	‚ąí1	79	197
2024	11	15	GD	LC	4	0	CLB	CW	38	1113	1041	+6	‚ąí5	174	183
2024	11	15	CW	MF	5	0	CLB		6	1328	969	0	+1	128	188
2024	11	15	SR	CA	0	1	CNL		-6	1359	1781	‚ąí3	+2	117	29
2024	11	15	HN	MX	2	0	CNL		44	1572	1757	+7	‚ąí11	70	33
2024	11	15	UY	CO	3	2	WQ		21	1939	2009	0	‚ąí1	11	4
2024	11	15	PE	CL	0	0	WQ		-9	1725	1684	‚ąí2	+3	39	47
2024	11	16	LK	YE	1	0	F	QA	18	730	1084	+2	‚ąí2	215	177
2024	11	16	NP	AF	2	0	FT	TJ	35	937	1095	+5	‚ąí6	194	174
2024	11	16	BD	MV	2	1	F		7	906	890	+1	‚ąí2	199	203
2024	11	16	TZ	ET	2	0	FQ	CD	21	1386	1238	+5	‚ąí3	110	153
2024	11	16	GN	CD	1	0	FQ	CI	27	1511	1577	+5	‚ąí7	80	67
2024	11	16	AD	MD	0	1	END		-11	1069	1360	‚ąí1	+3	179	117
2024	11	16	SE	SK	2	1	ENC		14	1737	1698	+5	‚ąí2	36	46
2024	11	16	AZ	EE	0	0	ENC		-8	1405	1379	‚ąí2	+1	103	113
2024	11	16	TR	WA	0	0	ENB		-12	1823	1717	‚ąí1	+3	19	42
2024	11	16	ME	IS	0	2	ENB		-34	1472	1591	‚ąí4	+13	85	60
2024	11	16	GE	UA	1	1	ENB		-1	1704	1784	0	+1	45	27
2024	11	16	AL	CZ	0	0	ENB		-1	1653	1742	0	0	52	35
2024	11	16	NL	HU	4	0	ENA		14	1954	1772	0	‚ąí5	10	31
2024	11	16	DE	BA	7	0	ENA		3	1977	1469	0	0	8	86
2024	11	16	DO	DM	6	1	CLB		8	1269	981	+3	0	146	187
2024	11	16	BM	AG	2	1	CLB	DO	8	1160	914	+1	‚ąí1	164	196
2024	11	17	TH	LA	1	1	F		-10	1437	677	‚ąí3	+2	93	222
2024	11	17	TG	GQ	3	0	FQ		45	1381	1496	+13	‚ąí6	113	82
2024	11	17	DZ	LR	5	1	FQ		4	1685	1265	+1	‚ąí1	47	147
2024	11	17	NM	FO	1	0	ENC		3	1610	1277	+1	+1	57	144
2024	11	17	LV	AM	1	2	ENC		-20	1276	1411	‚ąí7	+6	145	101
2024	11	17	NO	KZ	5	0	ENB		5	1806	1431	‚ąí1	0	23	94
2024	11	17	FI	GR	0	2	ENB		-19	1538	1812	‚ąí1	+3	75	21
2024	11	17	EN	IE	5	0	ENB		5	2006	1608	+1	‚ąí1	5	58
2024	11	17	AT	SI	1	1	ENB		-13	1871	1727	‚ąí1	+4	15	40
2024	11	17	IT	FR	1	3	ENA		-34	1930	2055	‚ąí2	0	11	3
2024	11	17	IL	BE	1	0	ENA	HU	34	1601	1851	+12	‚ąí4	60	17
2024	11	17	PG	SB	1	2	WQ		-20	1044	1178	‚ąí2	+3	182	162
2024	11	17	FJ	NC	1	1	WQ	PG	3	1215	1261	0	0	159	149
2024	11	17	VC	BQ	3	1	CLB	SV	10	1129	838	+1	0	168	205
2024	11	17	SV	MS	1	0	CLB		2	1390	951	0	0	109	191
2024	11	18	SG	TW	2	3	F		-17	1097	908	0	+4	172	198
2024	11	18	IN	MY	1	1	F		0	1175	1289	0	0	163	138
2024	11	18	TN	GM	0	1	FQ		-36	1598	1378	‚ąí5	+7	60	116
2024	11	18	NG	RW	1	2	FQ		-36	1550	1355	‚ąí10	+10	74	121
2024	11	18	MA	LS	7	0	FQ		2	1802	1230	0	‚ąí1	24	156
2024	11	18	MW	BF	3	0	FQ		51	1309	1481	+15	‚ąí8	135	84
2024	11	18	LY	BJ	0	0	FQ		-4	1391	1429	‚ąí1	+1	107	95
2024	11	18	GH	NE	1	2	FQ		-33	1429	1321	‚ąí8	+9	95	130
2024	11	18	GA	CF	1	0	FQ	ZA	13	1442	1285	+5	‚ąí4	90	140
2024	11	18	KM	MG	1	0	FQ	MA	14	1424	1287	+4	‚ąí4	98	139
2024	11	18	AO	SD	0	0	FQ	LY	-10	1570	1388	‚ąí4	+5	71	110
2024	11	18	LI	SM	1	3	END		-49	913	848	‚ąí7	+4	196	205
2024	11	18	RO	CY	4	1	ENC		4	1719	1301	+2	‚ąí2	42	136
2024	11	18	LU	EI	2	2	ENC		1	1445	1559	+1	+1	89	72
2024	11	18	KO	LT	1	0	ENC		4	1554	1284	+1	‚ąí2	73	141
2024	11	18	BG	BY	1	1	ENC		-8	1486	1459	+1	+1	83	87
2024	11	18	ES	CH	3	2	ENA		3	2178	1814	0	0	1	20
2024	11	18	RS	DK	0	0	ENA		-3	1809	1857	‚ąí1	0	22	16
2024	11	18	PL	SQ	1	2	ENA		-25	1699	1759	‚ąí3	+5	45	33
2024	11	18	HR	PT	1	1	ENA		0	1886	1993	0	0	12	7
2024	11	18	TI	VU	2	0	WQ	NZ	22	1207	1071	+1	‚ąí2	160	177
2024	11	18	NZ	WS	8	0	WQ		0	1583	728	+2	0	64	216
2024	11	18	CU	KN	4	0	CCQ		15	1280	1103	+2	‚ąí1	145	171
2024	11	18	SX	AW	1	0	CLB	PR	21	932	902	+4	‚ąí6	194	201
2024	11	18	MF	GD	3	0	CLB	CW	49	1018	1064	+3	‚ąí6	185	179
2024	11	18	PR	HT	0	3	CLB		-11	1120	1538	‚ąí2	+3	169	75
2024	11	18	CW	LC	4	1	CLB		7	1335	1034	0	‚ąí1	128	184
2024	11	18	US	JM	4	2	CNL		11	1758	1575	0	‚ąí3	34	67
2024	11	18	PA	CR	2	2	CNL		-10	1726	1652	‚ąí3	+1	40	53
2024	11	19	YE	LK	2	0	F	QA	3	1087	727	0	‚ąí1	175	216
2024	11	19	TJ	AF	3	1	FT		7	1305	1088	+2	‚ąí1	135	174
2024	11	19	RU	SY	4	0	F		3	1789	1437	+1	‚ąí1	25	93
2024	11	19	MM	LB	2	3	F		-3	909	1313	0	+1	197	133
2024	11	19	HK	MU	1	0	F		5	1123	1036	+2	0	168	183
2024	11	19	GI	MD	1	1	F		5	1055	1355	0	‚ąí3	180	122
2024	11	19	ZM	SL	2	0	FQ	LR	25	1408	1295	+9	‚ąí6	103	137
2024	11	19	TZ	GN	1	0	FQ		21	1407	1490	+7	‚ąí3	104	81
2024	11	19	ZA	SS	3	0	FQ		3	1576	1121	+5	‚ąí1	64	169
2024	11	19	SN	BI	2	0	FQ		2	1771	1280	+1	0	31	144
2024	11	19	MR	CV	1	0	FQ		23	1364	1472	+6	‚ąí4	119	86
2024	11	19	ML	SW	6	0	FQ		5	1610	1217	+2	0	56	157
2024	11	19	KE	NA	0	0	FQ	ZA	-5	1402	1319	‚ąí3	+1	106	132
2024	11	19	CI	TD	4	0	FQ		4	1579	1166	+4	0	63	164
2024	11	19	GW	MZ	1	2	FQ		-22	1330	1447	‚ąí6	+8	129	89
2024	11	19	EG	BW	1	1	FQ		-17	1657	1355	‚ąí2	+4	52	122
2024	11	19	CD	ET	1	2	FQ		-37	1540	1275	‚ąí9	+5	74	148
2024	11	19	CG	UG	0	1	FQ		-18	1223	1395	‚ąí3	+8	155	109
2024	11	19	CM	ZW	2	1	FQ		6	1594	1377	+1	‚ąí5	61	117
2024	11	19	MT	AD	0	0	END		-14	1269	1083	‚ąí6	+2	149	176
2024	11	19	SE	AZ	6	0	ENC		7	1744	1398	+1	‚ąí4	36	108
2024	11	19	SK	EE	1	0	ENC		3	1701	1376	+1	‚ąí3	45	118
2024	11	19	WA	IS	4	1	ENB		15	1732	1576	+5	‚ąí3	38	64
2024	11	19	ME	TR	3	1	ENB		49	1521	1774	+7	‚ąí10	78	29
2024	11	19	CZ	GE	2	1	ENB		12	1754	1692	+1	‚ąí3	35	47
2024	11	19	AL	UA	1	2	ENB		-18	1635	1802	‚ąí2	+4	54	23
2024	11	19	HU	DE	1	1	ENA		6	1778	1971	+4	0	27	8
2024	11	19	BA	NL	1	1	ENA		16	1485	1938	+2	‚ąí1	84	10
2024	11	19	UZ	KP	1	0	WQ	LA	6	1684	1387	0	‚ąí8	49	114
2024	11	19	AE	QA	5	0	WQ		35	1563	1552	+9	‚ąí9	68	72
2024	11	19	PS	KR	1	1	WQ	JO	16	1407	1774	+3	‚ąí4	104	29
2024	11	19	OM	IQ	0	1	WQ		-18	1490	1667	‚ąí2	+4	81	50
2024	11	19	KG	IR	2	3	WQ		-3	1281	1838	‚ąí2	0	143	18
2024	11	19	KW	JO	1	1	WQ		10	1347	1617	+2	0	125	55
2024	11	19	ID	SA	2	0	WQ		40	1393	1536	+12	‚ąí11	110	77
2024	11	19	CN	JP	1	3	WQ		-7	1413	1889	‚ąí1	0	101	13
2024	11	19	BH	AU	2	2	WQ		10	1458	1718	0	‚ąí5	88	43
2024	11	19	GY	BB	5	3	CCQ		6	1244	950	0	‚ąí1	153	190
2024	11	19	GP	KY	1	0	CCQ		1	1335	828	+2	0	127	208
2024	11	19	BZ	GF	2	2	CCQ	SR	8	1096	1223	+1	0	173	155
2024	11	19	DO	BM	6	1	CLB		18	1287	1142	+9	0	139	165
2024	11	19	AG	DM	0	0	CLB	DO	4	918	977	0	0	195	188
2024	11	19	MX	HN	4	0	CNL		12	1769	1560	+3	+1	32	69
2024	11	19	CA	SR	3	0	CNL		3	1784	1356	+2	‚ąí1	26	121
2024	11	19	CO	EC	0	1	WQ		-32	1977	1909	‚ąí3	+2	7	12
2024	11	19	CL	VE	4	2	WQ		29	1713	1744	+4	‚ąí6	44	36
2024	11	19	BR	UY	1	1	WQ		-9	1996	1948	+1	+1	5	9
2024	11	19	BO	PY	2	2	WQ		1	1658	1775	0	+1	51	28
2024	11	19	AR	PE	1	0	WQ		2	2108	1723	0	0	2	41
2024	12	08	HK	MN	3	0	EAQ		4	1127	752	0	‚ąí1	168	213
2024	12	08	TH	TL	10	0	SEA	VN	1	1438	673	0	0	93	224
2024	12	08	KH	MY	2	2	SEA		15	848	1274	+2	‚ąí10	205	148
2024	12	09	KW	YE	1	1	F	QA	-6	1341	1093	‚ąí1	+1	126	174
2024	12	09	SB	VU	4	1	MLN		16	1194	1055	0	‚ąí1	162	179
2024	12	09	MM	ID	0	1	SEA		-4	905	1397	‚ąí2	+1	199	109
2024	12	09	LA	VN	1	4	SEA		-4	673	1254	‚ąí1	0	223	152
2024	12	11	TW	MN	4	0	EAQ	HK	22	930	730	+2	‚ąí1	195	214
2024	12	11	SG	KH	2	1	SEA		5	1102	843	0	‚ąí1	172	206
2024	12	11	MY	TL	3	2	SEA		1	1275	672	+1	‚ąí1	147	224
2024	12	12	LB	KW	2	1	F	QA	11	1324	1330	+3	‚ąí2	130	128
2024	12	12	FJ	VU	1	1	MLN	SB	-9	1206	1064	‚ąí1	+2	160	177
2024	12	12	PH	MM	1	1	SEA		-13	1063	918	‚ąí2	+3	179	196
2024	12	12	ID	LA	3	3	SEA		-20	1377	693	‚ąí7	+4	116	219
2024	12	14	HK	TW	2	1	EAQ		6	1133	924	+1	0	167	195
2024	12	14	GU	MO	2	1	EAQ	HK	16	698	600	+3	0	219	232
2024	12	14	TH	MY	1	0	SEA		7	1445	1268	+3	‚ąí2	90	149
2024	12	14	SG	TL	3	0	SEA	VN	5	1107	667	+1	0	171	224
2024	12	15	LB	KW	2	0	F	QA	15	1339	1315	+4	‚ąí5	126	133
2024	12	15	FJ	PG	1	1	MLN	SB	-9	1197	1053	‚ąí1	+2	161	180
2024	12	15	VN	ID	1	0	SEA		21	1275	1356	+5	‚ąí4	147	120
2024	12	15	LA	PH	1	1	SEA		13	706	1050	+2	‚ąí2	218	181
2024	12	16	OM	YE	1	0	F		1	1491	1092	0	0	81	174
2024	12	17	SA	TT	3	1	F		6	1542	1394	+3	‚ąí2	74	109
2024	12	17	HK	GU	5	0	EAQ		4	1137	694	0	0	167	220
2024	12	17	SG	TH	2	4	SEA		-12	1095	1457	‚ąí2	+1	173	89
2024	12	17	KH	TL	2	1	SEA		7	850	660	+1	‚ąí1	205	225
2024	12	18	SB	PG	2	3	MLN		-32	1162	1085	‚ąí2	+4	164	176
2024	12	18	PH	VN	1	1	SEA		7	1057	1268	+1	‚ąí2	180	149
2024	12	18	MM	LA	3	2	SEA		6	924	700	+1	0	195	218
2024	12	20	TH	KH	3	2	SEA		1	1458	849	+1	0	88	205
2024	12	20	MY	SG	0	0	SEA		-13	1255	1108	‚ąí3	+2	152	171
2024	12	21	MP	GU	1	2	F		-6	446	700	0	+2	240	218
2024	12	21	SB	FJ	1	3	MLN		-36	1126	1233	‚ąí4	+7	168	154
2024	12	21	PG	VU	2	1	MLN	SB	19	1104	1045	+4	‚ąí4	172	182
2024	12	21	VN	MM	5	0	SEA		6	1274	918	+1	‚ąí1	148	196
2024	12	21	ID	PH	0	1	SEA		-36	1320	1093	‚ąí10	+5	130	175
2024	12	21	QA	AE	1	1	GLF	KW	1	1553	1562	0	0	72	68
2024	12	21	KW	OM	1	1	GLF		4	1319	1487	+1	‚ąí1	132	82
2024	12	22	MP	GU	0	8	F		-14	432	714	0	0	240	218
2024	12	22	IQ	YE	1	0	GLF	KW	1	1668	1091	0	0	50	176
2024	12	22	BH	SA	3	2	GLF	KW	25	1483	1517	+3	‚ąí4	85	78
2024	12	24	OM	QA	2	1	GLF	KW	24	1511	1529	+3	‚ąí4	79	76
2024	12	24	KW	AE	2	1	GLF		28	1347	1534	+8	‚ąí7	124	75
2024	12	25	SA	YE	3	2	GLF	KW	3	1520	1088	‚ąí1	0	79	176
2024	12	25	BH	IQ	2	0	GLF	KW	45	1528	1623	+8	‚ąí4	77	54
2024	12	26	SG	VN	0	2	SEA		-24	1084	1298	‚ąí6	+11	177	137
2024	12	27	PH	TH	2	1	SEA		33	1126	1425	+6	‚ąí8	168	97
2024	12	27	OM	AE	1	1	GLF	KW	1	1512	1533	0	0	80	75
2024	12	27	KW	QA	1	1	GLF		5	1352	1524	0	‚ąí1	124	77
2024	12	28	YE	BH	2	1	GLF	KW	37	1125	1491	+5	‚ąí6	170	82
2024	12	28	SA	IQ	3	1	GLF	KW	39	1559	1584	+10	‚ąí7	69	61
2024	12	29	VN	SG	3	1	SEA		8	1306	1076	+2	‚ąí1	135	178
2024	12	30	TH	PH	3	1	SEA		5	1430	1121	+2	‚ąí2	95	170
2024	12	31	OM	SA	2	1	GLF	KW	23	1535	1536	+3	‚ąí6	76	75
2024	12	31	KW	BH	0	1	GLF		-18	1334	1509	‚ąí4	+2	128	80